datetime,consumption_kwh,hour,day,month,weekday,solar_generation_kwh,self_consumed_kwh,battery_charge_kwh,battery_discharge_kwh,grid_import_kwh,solar_surplus_kwh,battery_state_kwh
2025-01-01 00:00:00,0.1081072852544156,0,1,1,2,0.0,0.0,0.0,0.0,0.1081072852544156,0.0,0.0
2025-01-01 01:00:00,0.1783937850642592,1,1,1,2,0.0,0.0,0.0,0.0,0.1783937850642592,0.0,0.0
2025-01-01 02:00:00,0.1438658240970046,2,1,1,2,0.0,0.0,0.0,0.0,0.1438658240970046,0.0,0.0
2025-01-01 03:00:00,0.130513959322346,3,1,1,2,0.0,0.0,0.0,0.0,0.130513959322346,0.0,0.0
2025-01-01 04:00:00,0.2044019364160118,4,1,1,2,0.0,0.0,0.0,0.0,0.2044019364160118,0.0,0.0
2025-01-01 05:00:00,0.2017163492299555,5,1,1,2,0.0,0.0,0.0,0.0,0.2017163492299555,0.0,0.0
2025-01-01 06:00:00,0.3752661062541295,6,1,1,2,0.0,0.0,0.0,0.0,0.3752661062541295,0.0,0.0
2025-01-01 07:00:00,0.3090778228043861,7,1,1,2,0.375,0.3090778228043861,0.0,0.0,0.0,0.06592217719561388,0.0
2025-01-01 08:00:00,0.3127232642265931,8,1,1,2,0.375,0.3127232642265931,0.0,0.0,0.0,0.06227673577340692,0.0
2025-01-01 09:00:00,0.293621219185009,9,1,1,2,0.375,0.293621219185009,0.0,0.0,0.0,0.081378780814991,0.0
2025-01-01 10:00:00,0.2920153241287607,10,1,1,2,1.0499999999999998,0.2920153241287607,0.0,0.0,0.0,0.7579846758712392,0.0
2025-01-01 11:00:00,0.2374104856612671,11,1,1,2,1.0499999999999998,0.2374104856612671,0.0,0.0,0.0,0.8125895143387327,0.0
2025-01-01 12:00:00,0.2037258045983041,12,1,1,2,1.0499999999999998,0.2037258045983041,0.0,0.0,0.0,0.8462741954016957,0.0
2025-01-01 13:00:00,0.2948846440068806,13,1,1,2,1.35,0.2948846440068806,0.0,0.0,0.0,1.0551153559931195,0.0
2025-01-01 14:00:00,0.2432289419336699,14,1,1,2,1.35,0.2432289419336699,0.0,0.0,0.0,1.1067710580663301,0.0
2025-01-01 15:00:00,0.3306797954058613,15,1,1,2,1.35,0.3306797954058613,0.0,0.0,0.0,1.0193202045941387,0.0
2025-01-01 16:00:00,0.3331611701014651,16,1,1,2,0.5249999999999999,0.3331611701014651,0.0,0.0,0.0,0.1918388298985348,0.0
2025-01-01 17:00:00,0.2503127178486919,17,1,1,2,0.5249999999999999,0.2503127178486919,0.0,0.0,0.0,0.274687282151308,0.0
2025-01-01 18:00:00,0.6474716512011687,18,1,1,2,0.5249999999999999,0.5249999999999999,0.0,0.0,0.12247165120116876,0.0,0.0
2025-01-01 19:00:00,0.6470329209200327,19,1,1,2,0.0,0.0,0.0,0.0,0.6470329209200327,0.0,0.0
2025-01-01 20:00:00,0.5387747696412004,20,1,1,2,0.0,0.0,0.0,0.0,0.5387747696412004,0.0,0.0
2025-01-01 21:00:00,0.5434852291298582,21,1,1,2,0.0,0.0,0.0,0.0,0.5434852291298582,0.0,0.0
2025-01-01 22:00:00,0.5004041681434107,22,1,1,2,0.0,0.0,0.0,0.0,0.5004041681434107,0.0,0.0
2025-01-01 23:00:00,0.1931766010831627,23,1,1,2,0.0,0.0,0.0,0.0,0.1931766010831627,0.0,0.0
2025-01-02 00:00:00,0.1029742903834884,0,2,1,3,0.0,0.0,0.0,0.0,0.1029742903834884,0.0,0.0
2025-01-02 01:00:00,0.0900885948414543,1,2,1,3,0.0,0.0,0.0,0.0,0.0900885948414543,0.0,0.0
2025-01-02 02:00:00,0.1169449504817327,2,2,1,3,0.0,0.0,0.0,0.0,0.1169449504817327,0.0,0.0
2025-01-02 03:00:00,0.1499485102967992,3,2,1,3,0.0,0.0,0.0,0.0,0.1499485102967992,0.0,0.0
2025-01-02 04:00:00,0.0862496616535731,4,2,1,3,0.0,0.0,0.0,0.0,0.0862496616535731,0.0,0.0
2025-01-02 05:00:00,0.05,5,2,1,3,0.0,0.0,0.0,0.0,0.05,0.0,0.0
2025-01-02 06:00:00,0.2738926969456733,6,2,1,3,0.0,0.0,0.0,0.0,0.2738926969456733,0.0,0.0
2025-01-02 07:00:00,0.3928102998948073,7,2,1,3,0.375,0.375,0.0,0.0,0.017810299894807313,0.0,0.0
2025-01-02 08:00:00,0.3394938049148074,8,2,1,3,0.375,0.3394938049148074,0.0,0.0,0.0,0.03550619508519259,0.0
2025-01-02 09:00:00,0.2823467630369645,9,2,1,3,0.375,0.2823467630369645,0.0,0.0,0.0,0.09265323696303551,0.0
2025-01-02 10:00:00,0.2356670834507036,10,2,1,3,1.0499999999999998,0.2356670834507036,0.0,0.0,0.0,0.8143329165492962,0.0
2025-01-02 11:00:00,0.1152403152231008,11,2,1,3,1.0499999999999998,0.1152403152231008,0.0,0.0,0.0,0.9347596847768991,0.0
2025-01-02 12:00:00,0.2503555283663651,12,2,1,3,1.0499999999999998,0.2503555283663651,0.0,0.0,0.0,0.7996444716336347,0.0
2025-01-02 13:00:00,0.1802853716534186,13,2,1,3,1.35,0.1802853716534186,0.0,0.0,0.0,1.1697146283465816,0.0
2025-01-02 14:00:00,0.351750453028089,14,2,1,3,1.35,0.351750453028089,0.0,0.0,0.0,0.998249546971911,0.0
2025-01-02 15:00:00,0.1877017438821487,15,2,1,3,1.35,0.1877017438821487,0.0,0.0,0.0,1.1622982561178514,0.0
2025-01-02 16:00:00,0.2553361130013996,16,2,1,3,0.5249999999999999,0.2553361130013996,0.0,0.0,0.0,0.26966388699860033,0.0
2025-01-02 17:00:00,0.2846080694740808,17,2,1,3,0.5249999999999999,0.2846080694740808,0.0,0.0,0.0,0.24039193052591912,0.0
2025-01-02 18:00:00,0.5953445771065149,18,2,1,3,0.5249999999999999,0.5249999999999999,0.0,0.0,0.07034457710651498,0.0,0.0
2025-01-02 19:00:00,0.6205493565617176,19,2,1,3,0.0,0.0,0.0,0.0,0.6205493565617176,0.0,0.0
2025-01-02 20:00:00,0.615227749638695,20,2,1,3,0.0,0.0,0.0,0.0,0.615227749638695,0.0,0.0
2025-01-02 21:00:00,0.4572483678427569,21,2,1,3,0.0,0.0,0.0,0.0,0.4572483678427569,0.0,0.0
2025-01-02 22:00:00,0.5698351999420281,22,2,1,3,0.0,0.0,0.0,0.0,0.5698351999420281,0.0,0.0
2025-01-02 23:00:00,0.220398125175476,23,2,1,3,0.0,0.0,0.0,0.0,0.220398125175476,0.0,0.0
2025-01-03 00:00:00,0.1074117964091737,0,3,1,4,0.0,0.0,0.0,0.0,0.1074117964091737,0.0,0.0
2025-01-03 01:00:00,0.1637657256416268,1,3,1,4,0.0,0.0,0.0,0.0,0.1637657256416268,0.0,0.0
2025-01-03 02:00:00,0.133847903343417,2,3,1,4,0.0,0.0,0.0,0.0,0.133847903343417,0.0,0.0
2025-01-03 03:00:00,0.1818052778098711,3,3,1,4,0.0,0.0,0.0,0.0,0.1818052778098711,0.0,0.0
2025-01-03 04:00:00,0.2069576513680653,4,3,1,4,0.0,0.0,0.0,0.0,0.2069576513680653,0.0,0.0
2025-01-03 05:00:00,0.1305348728897407,5,3,1,4,0.0,0.0,0.0,0.0,0.1305348728897407,0.0,0.0
2025-01-03 06:00:00,0.3542388306857774,6,3,1,4,0.0,0.0,0.0,0.0,0.3542388306857774,0.0,0.0
2025-01-03 07:00:00,0.3299675186120062,7,3,1,4,0.375,0.3299675186120062,0.0,0.0,0.0,0.04503248138799382,0.0
2025-01-03 08:00:00,0.3312227744360735,8,3,1,4,0.375,0.3312227744360735,0.0,0.0,0.0,0.04377722556392649,0.0
2025-01-03 09:00:00,0.2222564000511631,9,3,1,4,0.375,0.2222564000511631,0.0,0.0,0.0,0.1527435999488369,0.0
2025-01-03 10:00:00,0.4309374524596284,10,3,1,4,1.0499999999999998,0.4309374524596284,0.0,0.0,0.0,0.6190625475403715,0.0
2025-01-03 11:00:00,0.1801814133476828,11,3,1,4,1.0499999999999998,0.1801814133476828,0.0,0.0,0.0,0.869818586652317,0.0
2025-01-03 12:00:00,0.1772391162835466,12,3,1,4,1.0499999999999998,0.1772391162835466,0.0,0.0,0.0,0.8727608837164532,0.0
2025-01-03 13:00:00,0.3042981407600084,13,3,1,4,1.35,0.3042981407600084,0.0,0.0,0.0,1.0457018592399918,0.0
2025-01-03 14:00:00,0.285745616312556,14,3,1,4,1.35,0.285745616312556,0.0,0.0,0.0,1.064254383687444,0.0
2025-01-03 15:00:00,0.2965415822191001,15,3,1,4,1.35,0.2965415822191001,0.0,0.0,0.0,1.0534584177809,0.0
2025-01-03 16:00:00,0.2429030597892947,16,3,1,4,0.5249999999999999,0.2429030597892947,0.0,0.0,0.0,0.2820969402107052,0.0
2025-01-03 17:00:00,0.2165037376881466,17,3,1,4,0.5249999999999999,0.2165037376881466,0.0,0.0,0.0,0.30849626231185334,0.0
2025-01-03 18:00:00,0.4892353021701238,18,3,1,4,0.5249999999999999,0.4892353021701238,0.0,0.0,0.0,0.035764697829876124,0.0
2025-01-03 19:00:00,0.5911717263823945,19,3,1,4,0.0,0.0,0.0,0.0,0.5911717263823945,0.0,0.0
2025-01-03 20:00:00,0.574247635430273,20,3,1,4,0.0,0.0,0.0,0.0,0.574247635430273,0.0,0.0
2025-01-03 21:00:00,0.6191102892877145,21,3,1,4,0.0,0.0,0.0,0.0,0.6191102892877145,0.0,0.0
2025-01-03 22:00:00,0.5154528024106914,22,3,1,4,0.0,0.0,0.0,0.0,0.5154528024106914,0.0,0.0
2025-01-03 23:00:00,0.2339488919832171,23,3,1,4,0.0,0.0,0.0,0.0,0.2339488919832171,0.0,0.0
2025-01-04 00:00:00,0.1739751917562912,0,4,1,5,0.0,0.0,0.0,0.0,0.1739751917562912,0.0,0.0
2025-01-04 01:00:00,0.2353423454874949,1,4,1,5,0.0,0.0,0.0,0.0,0.2353423454874949,0.0,0.0
2025-01-04 02:00:00,0.1123336257937293,2,4,1,5,0.0,0.0,0.0,0.0,0.1123336257937293,0.0,0.0
2025-01-04 03:00:00,0.1526266704697149,3,4,1,5,0.0,0.0,0.0,0.0,0.1526266704697149,0.0,0.0
2025-01-04 04:00:00,0.2306164664496241,4,4,1,5,0.0,0.0,0.0,0.0,0.2306164664496241,0.0,0.0
2025-01-04 05:00:00,0.1603393184996164,5,4,1,5,0.0,0.0,0.0,0.0,0.1603393184996164,0.0,0.0
2025-01-04 06:00:00,0.3333955030690441,6,4,1,5,0.0,0.0,0.0,0.0,0.3333955030690441,0.0,0.0
2025-01-04 07:00:00,0.4281940811035465,7,4,1,5,0.375,0.375,0.0,0.0,0.05319408110354651,0.0,0.0
2025-01-04 08:00:00,0.37006041462489,8,4,1,5,0.375,0.37006041462489,0.0,0.0,0.0,0.004939585375110023,0.0
2025-01-04 09:00:00,0.2192789193506137,9,4,1,5,0.375,0.2192789193506137,0.0,0.0,0.0,0.1557210806493863,0.0
2025-01-04 10:00:00,0.2630787812005695,10,4,1,5,1.0499999999999998,0.2630787812005695,0.0,0.0,0.0,0.7869212187994303,0.0
2025-01-04 11:00:00,0.3398720283415263,11,4,1,5,1.0499999999999998,0.3398720283415263,0.0,0.0,0.0,0.7101279716584735,0.0
2025-01-04 12:00:00,0.165519302229526,12,4,1,5,1.0499999999999998,0.165519302229526,0.0,0.0,0.0,0.8844806977704738,0.0
2025-01-04 13:00:00,0.3215606681544605,13,4,1,5,1.35,0.3215606681544605,0.0,0.0,0.0,1.0284393318455396,0.0
2025-01-04 14:00:00,0.3390787435915015,14,4,1,5,1.35,0.3390787435915015,0.0,0.0,0.0,1.0109212564084986,0.0
2025-01-04 15:00:00,0.3140364555364922,15,4,1,5,1.35,0.3140364555364922,0.0,0.0,0.0,1.0359635444635078,0.0
2025-01-04 16:00:00,0.3277258815911282,16,4,1,5,0.5249999999999999,0.3277258815911282,0.0,0.0,0.0,0.1972741184088717,0.0
2025-01-04 17:00:00,0.3694197630651405,17,4,1,5,0.5249999999999999,0.3694197630651405,0.0,0.0,0.0,0.1555802369348594,0.0
2025-01-04 18:00:00,0.6269227757968601,18,4,1,5,0.5249999999999999,0.5249999999999999,0.0,0.0,0.10192277579686015,0.0,0.0
2025-01-04 19:00:00,0.6380214287697019,19,4,1,5,0.0,0.0,0.0,0.0,0.6380214287697019,0.0,0.0
2025-01-04 20:00:00,0.6002647594347379,20,4,1,5,0.0,0.0,0.0,0.0,0.6002647594347379,0.0,0.0
2025-01-04 21:00:00,0.6865190533901209,21,4,1,5,0.0,0.0,0.0,0.0,0.6865190533901209,0.0,0.0
2025-01-04 22:00:00,0.6493801302970785,22,4,1,5,0.0,0.0,0.0,0.0,0.6493801302970785,0.0,0.0
2025-01-04 23:00:00,0.3751632135830124,23,4,1,5,0.0,0.0,0.0,0.0,0.3751632135830124,0.0,0.0
2025-01-05 00:00:00,0.2793169870588843,0,5,1,6,0.0,0.0,0.0,0.0,0.2793169870588843,0.0,0.0
2025-01-05 01:00:00,0.1927187042127989,1,5,1,6,0.0,0.0,0.0,0.0,0.1927187042127989,0.0,0.0
2025-01-05 02:00:00,0.1361296231363461,2,5,1,6,0.0,0.0,0.0,0.0,0.1361296231363461,0.0,0.0
2025-01-05 03:00:00,0.0945619936091669,3,5,1,6,0.0,0.0,0.0,0.0,0.0945619936091669,0.0,0.0
2025-01-05 04:00:00,0.1522218229709173,4,5,1,6,0.0,0.0,0.0,0.0,0.1522218229709173,0.0,0.0
2025-01-05 05:00:00,0.1856363084302828,5,5,1,6,0.0,0.0,0.0,0.0,0.1856363084302828,0.0,0.0
2025-01-05 06:00:00,0.4372083801392071,6,5,1,6,0.0,0.0,0.0,0.0,0.4372083801392071,0.0,0.0
2025-01-05 07:00:00,0.4556016487958818,7,5,1,6,0.375,0.375,0.0,0.0,0.08060164879588178,0.0,0.0
2025-01-05 08:00:00,0.4288757475331505,8,5,1,6,0.375,0.375,0.0,0.0,0.0538757475331505,0.0,0.0
2025-01-05 09:00:00,0.2672186240742337,9,5,1,6,0.375,0.2672186240742337,0.0,0.0,0.0,0.10778137592576631,0.0
2025-01-05 10:00:00,0.2994804920507312,10,5,1,6,1.0499999999999998,0.2994804920507312,0.0,0.0,0.0,0.7505195079492686,0.0
2025-01-05 11:00:00,0.250682156242412,11,5,1,6,1.0499999999999998,0.250682156242412,0.0,0.0,0.0,0.7993178437575879,0.0
2025-01-05 12:00:00,0.331145099304244,12,5,1,6,1.0499999999999998,0.331145099304244,0.0,0.0,0.0,0.7188549006957559,0.0
2025-01-05 13:00:00,0.3080857119057116,13,5,1,6,1.35,0.3080857119057116,0.0,0.0,0.0,1.0419142880942884,0.0
2025-01-05 14:00:00,0.3236364078075341,14,5,1,6,1.35,0.3236364078075341,0.0,0.0,0.0,1.026363592192466,0.0
2025-01-05 15:00:00,0.3199270145493594,15,5,1,6,1.35,0.3199270145493594,0.0,0.0,0.0,1.0300729854506407,0.0
2025-01-05 16:00:00,0.2938649163555782,16,5,1,6,0.5249999999999999,0.2938649163555782,0.0,0.0,0.0,0.2311350836444217,0.0
2025-01-05 17:00:00,0.303344879486135,17,5,1,6,0.5249999999999999,0.303344879486135,0.0,0.0,0.0,0.22165512051386493,0.0
2025-01-05 18:00:00,0.6832959503392906,18,5,1,6,0.5249999999999999,0.5249999999999999,0.0,0.0,0.15829595033929067,0.0,0.0
2025-01-05 19:00:00,0.5630213858645431,19,5,1,6,0.0,0.0,0.0,0.0,0.5630213858645431,0.0,0.0
2025-01-05 20:00:00,0.7103766505565972,20,5,1,6,0.0,0.0,0.0,0.0,0.7103766505565972,0.0,0.0
2025-01-05 21:00:00,0.703551348142525,21,5,1,6,0.0,0.0,0.0,0.0,0.703551348142525,0.0,0.0
2025-01-05 22:00:00,0.5795658797827269,22,5,1,6,0.0,0.0,0.0,0.0,0.5795658797827269,0.0,0.0
2025-01-05 23:00:00,0.2248009397175471,23,5,1,6,0.0,0.0,0.0,0.0,0.2248009397175471,0.0,0.0
2025-01-06 00:00:00,0.1597354771405825,0,6,1,0,0.0,0.0,0.0,0.0,0.1597354771405825,0.0,0.0
2025-01-06 01:00:00,0.2201551363777042,1,6,1,0,0.0,0.0,0.0,0.0,0.2201551363777042,0.0,0.0
2025-01-06 02:00:00,0.202359798712971,2,6,1,0,0.0,0.0,0.0,0.0,0.202359798712971,0.0,0.0
2025-01-06 03:00:00,0.1779781305825794,3,6,1,0,0.0,0.0,0.0,0.0,0.1779781305825794,0.0,0.0
2025-01-06 04:00:00,0.204928250610882,4,6,1,0,0.0,0.0,0.0,0.0,0.204928250610882,0.0,0.0
2025-01-06 05:00:00,0.2084949549004967,5,6,1,0,0.0,0.0,0.0,0.0,0.2084949549004967,0.0,0.0
2025-01-06 06:00:00,0.3267046793268346,6,6,1,0,0.0,0.0,0.0,0.0,0.3267046793268346,0.0,0.0
2025-01-06 07:00:00,0.3243148461063602,7,6,1,0,0.375,0.3243148461063602,0.0,0.0,0.0,0.05068515389363981,0.0
2025-01-06 08:00:00,0.3946968705271615,8,6,1,0,0.375,0.375,0.0,0.0,0.019696870527161514,0.0,0.0
2025-01-06 09:00:00,0.3022779602566749,9,6,1,0,0.375,0.3022779602566749,0.0,0.0,0.0,0.07272203974332508,0.0
2025-01-06 10:00:00,0.2386600500969241,10,6,1,0,1.0499999999999998,0.2386600500969241,0.0,0.0,0.0,0.8113399499030758,0.0
2025-01-06 11:00:00,0.1771371240871588,11,6,1,0,1.0499999999999998,0.1771371240871588,0.0,0.0,0.0,0.8728628759128411,0.0
2025-01-06 12:00:00,0.2470745231487904,12,6,1,0,1.0499999999999998,0.2470745231487904,0.0,0.0,0.0,0.8029254768512094,0.0
2025-01-06 13:00:00,0.2558500466367218,13,6,1,0,1.35,0.2558500466367218,0.0,0.0,0.0,1.0941499533632784,0.0
2025-01-06 14:00:00,0.3415395103104274,14,6,1,0,1.35,0.3415395103104274,0.0,0.0,0.0,1.0084604896895728,0.0
2025-01-06 15:00:00,0.3104403526342509,15,6,1,0,1.35,0.3104403526342509,0.0,0.0,0.0,1.0395596473657491,0.0
2025-01-06 16:00:00,0.3384796876338501,16,6,1,0,0.5249999999999999,0.3384796876338501,0.0,0.0,0.0,0.1865203123661498,0.0
2025-01-06 17:00:00,0.2304464365687613,17,6,1,0,0.5249999999999999,0.2304464365687613,0.0,0.0,0.0,0.2945535634312386,0.0
2025-01-06 18:00:00,0.5010199704568975,18,6,1,0,0.5249999999999999,0.5010199704568975,0.0,0.0,0.0,0.02398002954310241,0.0
2025-01-06 19:00:00,0.5927815584542465,19,6,1,0,0.0,0.0,0.0,0.0,0.5927815584542465,0.0,0.0
2025-01-06 20:00:00,0.5783377059605821,20,6,1,0,0.0,0.0,0.0,0.0,0.5783377059605821,0.0,0.0
2025-01-06 21:00:00,0.6029899133911739,21,6,1,0,0.0,0.0,0.0,0.0,0.6029899133911739,0.0,0.0
2025-01-06 22:00:00,0.587773474165913,22,6,1,0,0.0,0.0,0.0,0.0,0.587773474165913,0.0,0.0
2025-01-06 23:00:00,0.2581543584977549,23,6,1,0,0.0,0.0,0.0,0.0,0.2581543584977549,0.0,0.0
2025-01-07 00:00:00,0.2346917040760626,0,7,1,1,0.0,0.0,0.0,0.0,0.2346917040760626,0.0,0.0
2025-01-07 01:00:00,0.1680664228307112,1,7,1,1,0.0,0.0,0.0,0.0,0.1680664228307112,0.0,0.0
2025-01-07 02:00:00,0.1137462670806415,2,7,1,1,0.0,0.0,0.0,0.0,0.1137462670806415,0.0,0.0
2025-01-07 03:00:00,0.2019472256213531,3,7,1,1,0.0,0.0,0.0,0.0,0.2019472256213531,0.0,0.0
2025-01-07 04:00:00,0.1209488205406635,4,7,1,1,0.0,0.0,0.0,0.0,0.1209488205406635,0.0,0.0
2025-01-07 05:00:00,0.1902021686649356,5,7,1,1,0.0,0.0,0.0,0.0,0.1902021686649356,0.0,0.0
2025-01-07 06:00:00,0.4069718193854534,6,7,1,1,0.0,0.0,0.0,0.0,0.4069718193854534,0.0,0.0
2025-01-07 07:00:00,0.4286127481553009,7,7,1,1,0.375,0.375,0.0,0.0,0.05361274815530093,0.0,0.0
2025-01-07 08:00:00,0.3009519489936544,8,7,1,1,0.375,0.3009519489936544,0.0,0.0,0.0,0.0740480510063456,0.0
2025-01-07 09:00:00,0.2575740462432069,9,7,1,1,0.375,0.2575740462432069,0.0,0.0,0.0,0.1174259537567931,0.0
2025-01-07 10:00:00,0.2083188256029691,10,7,1,1,1.0499999999999998,0.2083188256029691,0.0,0.0,0.0,0.8416811743970307,0.0
2025-01-07 11:00:00,0.2811083524225217,11,7,1,1,1.0499999999999998,0.2811083524225217,0.0,0.0,0.0,0.7688916475774781,0.0
2025-01-07 12:00:00,0.2010118454630612,12,7,1,1,1.0499999999999998,0.2010118454630612,0.0,0.0,0.0,0.8489881545369387,0.0
2025-01-07 13:00:00,0.27174130143823,13,7,1,1,1.35,0.27174130143823,0.0,0.0,0.0,1.0782586985617701,0.0
2025-01-07 14:00:00,0.2724708839540636,14,7,1,1,1.35,0.2724708839540636,0.0,0.0,0.0,1.0775291160459366,0.0
2025-01-07 15:00:00,0.2745386200415458,15,7,1,1,1.35,0.2745386200415458,0.0,0.0,0.0,1.0754613799584543,0.0
2025-01-07 16:00:00,0.2842366985980722,16,7,1,1,0.5249999999999999,0.2842366985980722,0.0,0.0,0.0,0.2407633014019277,0.0
2025-01-07 17:00:00,0.3149382351893112,17,7,1,1,0.5249999999999999,0.3149382351893112,0.0,0.0,0.0,0.21006176481068872,0.0
2025-01-07 18:00:00,0.5157141980297929,18,7,1,1,0.5249999999999999,0.5157141980297929,0.0,0.0,0.0,0.009285801970207008,0.0
2025-01-07 19:00:00,0.5806920985176114,19,7,1,1,0.0,0.0,0.0,0.0,0.5806920985176114,0.0,0.0
2025-01-07 20:00:00,0.6342135342056948,20,7,1,1,0.0,0.0,0.0,0.0,0.6342135342056948,0.0,0.0
2025-01-07 21:00:00,0.573317802474496,21,7,1,1,0.0,0.0,0.0,0.0,0.573317802474496,0.0,0.0
2025-01-07 22:00:00,0.4866382410998174,22,7,1,1,0.0,0.0,0.0,0.0,0.4866382410998174,0.0,0.0
2025-01-07 23:00:00,0.2304275645744369,23,7,1,1,0.0,0.0,0.0,0.0,0.2304275645744369,0.0,0.0
2025-01-08 00:00:00,0.0725408316234183,0,8,1,2,0.0,0.0,0.0,0.0,0.0725408316234183,0.0,0.0
2025-01-08 01:00:00,0.1664724349465288,1,8,1,2,0.0,0.0,0.0,0.0,0.1664724349465288,0.0,0.0
2025-01-08 02:00:00,0.1334817356546343,2,8,1,2,0.0,0.0,0.0,0.0,0.1334817356546343,0.0,0.0
2025-01-08 03:00:00,0.1019387543568694,3,8,1,2,0.0,0.0,0.0,0.0,0.1019387543568694,0.0,0.0
2025-01-08 04:00:00,0.2048564885311007,4,8,1,2,0.0,0.0,0.0,0.0,0.2048564885311007,0.0,0.0
2025-01-08 05:00:00,0.1000215935863282,5,8,1,2,0.0,0.0,0.0,0.0,0.1000215935863282,0.0,0.0
2025-01-08 06:00:00,0.2431209235844611,6,8,1,2,0.0,0.0,0.0,0.0,0.2431209235844611,0.0,0.0
2025-01-08 07:00:00,0.4333319972974026,7,8,1,2,0.375,0.375,0.0,0.0,0.05833199729740263,0.0,0.0
2025-01-08 08:00:00,0.2605312758070172,8,8,1,2,0.375,0.2605312758070172,0.0,0.0,0.0,0.11446872419298282,0.0
2025-01-08 09:00:00,0.283393565977069,9,8,1,2,0.375,0.283393565977069,0.0,0.0,0.0,0.091606434022931,0.0
2025-01-08 10:00:00,0.3121404666402031,10,8,1,2,1.0499999999999998,0.3121404666402031,0.0,0.0,0.0,0.7378595333597967,0.0
2025-01-08 11:00:00,0.2770429407590471,11,8,1,2,1.0499999999999998,0.2770429407590471,0.0,0.0,0.0,0.7729570592409527,0.0
2025-01-08 12:00:00,0.3101024160380285,12,8,1,2,1.0499999999999998,0.3101024160380285,0.0,0.0,0.0,0.7398975839619713,0.0
2025-01-08 13:00:00,0.2337885793093714,13,8,1,2,1.35,0.2337885793093714,0.0,0.0,0.0,1.1162114206906286,0.0
2025-01-08 14:00:00,0.1928186712081951,14,8,1,2,1.35,0.1928186712081951,0.0,0.0,0.0,1.157181328791805,0.0
2025-01-08 15:00:00,0.3329767256704338,15,8,1,2,1.35,0.3329767256704338,0.0,0.0,0.0,1.0170232743295662,0.0
2025-01-08 16:00:00,0.3082345631920177,16,8,1,2,0.5249999999999999,0.3082345631920177,0.0,0.0,0.0,0.21676543680798221,0.0
2025-01-08 17:00:00,0.2999312322978592,17,8,1,2,0.5249999999999999,0.2999312322978592,0.0,0.0,0.0,0.22506876770214074,0.0
2025-01-08 18:00:00,0.5228317954355007,18,8,1,2,0.5249999999999999,0.5228317954355007,0.0,0.0,0.0,0.0021682045644991765,0.0
2025-01-08 19:00:00,0.6213924921253879,19,8,1,2,0.0,0.0,0.0,0.0,0.6213924921253879,0.0,0.0
2025-01-08 20:00:00,0.636590188900546,20,8,1,2,0.0,0.0,0.0,0.0,0.636590188900546,0.0,0.0
2025-01-08 21:00:00,0.5134278103015999,21,8,1,2,0.0,0.0,0.0,0.0,0.5134278103015999,0.0,0.0
2025-01-08 22:00:00,0.5461309656628797,22,8,1,2,0.0,0.0,0.0,0.0,0.5461309656628797,0.0,0.0
2025-01-08 23:00:00,0.3612144069421896,23,8,1,2,0.0,0.0,0.0,0.0,0.3612144069421896,0.0,0.0
2025-01-09 00:00:00,0.1435775952852945,0,9,1,3,0.0,0.0,0.0,0.0,0.1435775952852945,0.0,0.0
2025-01-09 01:00:00,0.1175252376288954,1,9,1,3,0.0,0.0,0.0,0.0,0.1175252376288954,0.0,0.0
2025-01-09 02:00:00,0.05,2,9,1,3,0.0,0.0,0.0,0.0,0.05,0.0,0.0
2025-01-09 03:00:00,0.1253522052037857,3,9,1,3,0.0,0.0,0.0,0.0,0.1253522052037857,0.0,0.0
2025-01-09 04:00:00,0.1871763552980156,4,9,1,3,0.0,0.0,0.0,0.0,0.1871763552980156,0.0,0.0
2025-01-09 05:00:00,0.1850204131109199,5,9,1,3,0.0,0.0,0.0,0.0,0.1850204131109199,0.0,0.0
2025-01-09 06:00:00,0.3173558789718657,6,9,1,3,0.0,0.0,0.0,0.0,0.3173558789718657,0.0,0.0
2025-01-09 07:00:00,0.3190373602043566,7,9,1,3,0.375,0.3190373602043566,0.0,0.0,0.0,0.05596263979564342,0.0
2025-01-09 08:00:00,0.3112584255715042,8,9,1,3,0.375,0.3112584255715042,0.0,0.0,0.0,0.06374157442849582,0.0
2025-01-09 09:00:00,0.2185460619642612,9,9,1,3,0.375,0.2185460619642612,0.0,0.0,0.0,0.1564539380357388,0.0
2025-01-09 10:00:00,0.2653220291373137,10,9,1,3,1.0499999999999998,0.2653220291373137,0.0,0.0,0.0,0.7846779708626861,0.0
2025-01-09 11:00:00,0.1751033219022958,11,9,1,3,1.0499999999999998,0.1751033219022958,0.0,0.0,0.0,0.874896678097704,0.0
2025-01-09 12:00:00,0.3281151897741732,12,9,1,3,1.0499999999999998,0.3281151897741732,0.0,0.0,0.0,0.7218848102258266,0.0
2025-01-09 13:00:00,0.2385299114965976,13,9,1,3,1.35,0.2385299114965976,0.0,0.0,0.0,1.1114700885034026,0.0
2025-01-09 14:00:00,0.2587266398215744,14,9,1,3,1.35,0.2587266398215744,0.0,0.0,0.0,1.0912733601784257,0.0
2025-01-09 15:00:00,0.2894179193471848,15,9,1,3,1.35,0.2894179193471848,0.0,0.0,0.0,1.0605820806528152,0.0
2025-01-09 16:00:00,0.2105406144381155,16,9,1,3,0.5249999999999999,0.2105406144381155,0.0,0.0,0.0,0.3144593855618844,0.0
2025-01-09 17:00:00,0.3057564849150052,17,9,1,3,0.5249999999999999,0.3057564849150052,0.0,0.0,0.0,0.21924351508499473,0.0
2025-01-09 18:00:00,0.5811531794098465,18,9,1,3,0.5249999999999999,0.5249999999999999,0.0,0.0,0.05615317940984654,0.0,0.0
2025-01-09 19:00:00,0.6049779640247007,19,9,1,3,0.0,0.0,0.0,0.0,0.6049779640247007,0.0,0.0
2025-01-09 20:00:00,0.5868591533065198,20,9,1,3,0.0,0.0,0.0,0.0,0.5868591533065198,0.0,0.0
2025-01-09 21:00:00,0.5061017633787334,21,9,1,3,0.0,0.0,0.0,0.0,0.5061017633787334,0.0,0.0
2025-01-09 22:00:00,0.579326244593824,22,9,1,3,0.0,0.0,0.0,0.0,0.579326244593824,0.0,0.0
2025-01-09 23:00:00,0.2432196122342481,23,9,1,3,0.0,0.0,0.0,0.0,0.2432196122342481,0.0,0.0
2025-01-10 00:00:00,0.1261566474020651,0,10,1,4,0.0,0.0,0.0,0.0,0.1261566474020651,0.0,0.0
2025-01-10 01:00:00,0.1339598107719291,1,10,1,4,0.0,0.0,0.0,0.0,0.1339598107719291,0.0,0.0
2025-01-10 02:00:00,0.1313160624331265,2,10,1,4,0.0,0.0,0.0,0.0,0.1313160624331265,0.0,0.0
2025-01-10 03:00:00,0.2276402960312625,3,10,1,4,0.0,0.0,0.0,0.0,0.2276402960312625,0.0,0.0
2025-01-10 04:00:00,0.1914601110818294,4,10,1,4,0.0,0.0,0.0,0.0,0.1914601110818294,0.0,0.0
2025-01-10 05:00:00,0.2282661031532307,5,10,1,4,0.0,0.0,0.0,0.0,0.2282661031532307,0.0,0.0
2025-01-10 06:00:00,0.3173084653944756,6,10,1,4,0.0,0.0,0.0,0.0,0.3173084653944756,0.0,0.0
2025-01-10 07:00:00,0.3762370865491695,7,10,1,4,0.375,0.375,0.0,0.0,0.001237086549169486,0.0,0.0
2025-01-10 08:00:00,0.3925961642441349,8,10,1,4,0.375,0.375,0.0,0.0,0.017596164244134904,0.0,0.0
2025-01-10 09:00:00,0.2336976326899361,9,10,1,4,0.375,0.2336976326899361,0.0,0.0,0.0,0.1413023673100639,0.0
2025-01-10 10:00:00,0.3410576850725387,10,10,1,4,1.0499999999999998,0.3410576850725387,0.0,0.0,0.0,0.7089423149274612,0.0
2025-01-10 11:00:00,0.2058535959284418,11,10,1,4,1.0499999999999998,0.2058535959284418,0.0,0.0,0.0,0.844146404071558,0.0
2025-01-10 12:00:00,0.2650932751544495,12,10,1,4,1.0499999999999998,0.2650932751544495,0.0,0.0,0.0,0.7849067248455504,0.0
2025-01-10 13:00:00,0.2877622076660484,13,10,1,4,1.35,0.2877622076660484,0.0,0.0,0.0,1.0622377923339517,0.0
2025-01-10 14:00:00,0.3489800804752873,14,10,1,4,1.35,0.3489800804752873,0.0,0.0,0.0,1.0010199195247127,0.0
2025-01-10 15:00:00,0.3580945383684809,15,10,1,4,1.35,0.3580945383684809,0.0,0.0,0.0,0.9919054616315193,0.0
2025-01-10 16:00:00,0.3436448069131094,16,10,1,4,0.5249999999999999,0.3436448069131094,0.0,0.0,0.0,0.18135519308689052,0.0
2025-01-10 17:00:00,0.3624446742039989,17,10,1,4,0.5249999999999999,0.3624446742039989,0.0,0.0,0.0,0.16255532579600102,0.0
2025-01-10 18:00:00,0.5045835052533544,18,10,1,4,0.5249999999999999,0.5045835052533544,0.0,0.0,0.0,0.02041649474664553,0.0
2025-01-10 19:00:00,0.5576820395280747,19,10,1,4,0.0,0.0,0.0,0.0,0.5576820395280747,0.0,0.0
2025-01-10 20:00:00,0.5244422554087009,20,10,1,4,0.0,0.0,0.0,0.0,0.5244422554087009,0.0,0.0
2025-01-10 21:00:00,0.5848027376149076,21,10,1,4,0.0,0.0,0.0,0.0,0.5848027376149076,0.0,0.0
2025-01-10 22:00:00,0.5317516150258437,22,10,1,4,0.0,0.0,0.0,0.0,0.5317516150258437,0.0,0.0
2025-01-10 23:00:00,0.2160732771121578,23,10,1,4,0.0,0.0,0.0,0.0,0.2160732771121578,0.0,0.0
2025-01-11 00:00:00,0.1286124834614192,0,11,1,5,0.0,0.0,0.0,0.0,0.1286124834614192,0.0,0.0
2025-01-11 01:00:00,0.174605807916988,1,11,1,5,0.0,0.0,0.0,0.0,0.174605807916988,0.0,0.0
2025-01-11 02:00:00,0.2196288354170793,2,11,1,5,0.0,0.0,0.0,0.0,0.2196288354170793,0.0,0.0
2025-01-11 03:00:00,0.1936161481170789,3,11,1,5,0.0,0.0,0.0,0.0,0.1936161481170789,0.0,0.0
2025-01-11 04:00:00,0.1193757943194512,4,11,1,5,0.0,0.0,0.0,0.0,0.1193757943194512,0.0,0.0
2025-01-11 05:00:00,0.0663327024498579,5,11,1,5,0.0,0.0,0.0,0.0,0.0663327024498579,0.0,0.0
2025-01-11 06:00:00,0.3015688944201548,6,11,1,5,0.0,0.0,0.0,0.0,0.3015688944201548,0.0,0.0
2025-01-11 07:00:00,0.3601994736292811,7,11,1,5,0.375,0.3601994736292811,0.0,0.0,0.0,0.01480052637071888,0.0
2025-01-11 08:00:00,0.3140350204601067,8,11,1,5,0.375,0.3140350204601067,0.0,0.0,0.0,0.06096497953989333,0.0
2025-01-11 09:00:00,0.2975054017754575,9,11,1,5,0.375,0.2975054017754575,0.0,0.0,0.0,0.07749459822454252,0.0
2025-01-11 10:00:00,0.2469394910475114,10,11,1,5,1.0499999999999998,0.2469394910475114,0.0,0.0,0.0,0.8030605089524885,0.0
2025-01-11 11:00:00,0.2884829441580243,11,11,1,5,1.0499999999999998,0.2884829441580243,0.0,0.0,0.0,0.7615170558419755,0.0
2025-01-11 12:00:00,0.2093153383055409,12,11,1,5,1.0499999999999998,0.2093153383055409,0.0,0.0,0.0,0.840684661694459,0.0
2025-01-11 13:00:00,0.3022438718627264,13,11,1,5,1.35,0.3022438718627264,0.0,0.0,0.0,1.0477561281372738,0.0
2025-01-11 14:00:00,0.2640717633663972,14,11,1,5,1.35,0.2640717633663972,0.0,0.0,0.0,1.085928236633603,0.0
2025-01-11 15:00:00,0.3550566385622789,15,11,1,5,1.35,0.3550566385622789,0.0,0.0,0.0,0.9949433614377212,0.0
2025-01-11 16:00:00,0.2917265281350718,16,11,1,5,0.5249999999999999,0.2917265281350718,0.0,0.0,0.0,0.23327347186492808,0.0
2025-01-11 17:00:00,0.3872679411501885,17,11,1,5,0.5249999999999999,0.3872679411501885,0.0,0.0,0.0,0.13773205884981143,0.0
2025-01-11 18:00:00,0.6215363889678271,18,11,1,5,0.5249999999999999,0.5249999999999999,0.0,0.0,0.09653638896782724,0.0,0.0
2025-01-11 19:00:00,0.5802705886600639,19,11,1,5,0.0,0.0,0.0,0.0,0.5802705886600639,0.0,0.0
2025-01-11 20:00:00,0.6207877840855215,20,11,1,5,0.0,0.0,0.0,0.0,0.6207877840855215,0.0,0.0
2025-01-11 21:00:00,0.5936714536449182,21,11,1,5,0.0,0.0,0.0,0.0,0.5936714536449182,0.0,0.0
2025-01-11 22:00:00,0.6095637903027875,22,11,1,5,0.0,0.0,0.0,0.0,0.6095637903027875,0.0,0.0
2025-01-11 23:00:00,0.2155905886015537,23,11,1,5,0.0,0.0,0.0,0.0,0.2155905886015537,0.0,0.0
2025-01-12 00:00:00,0.1896141869364003,0,12,1,6,0.0,0.0,0.0,0.0,0.1896141869364003,0.0,0.0
2025-01-12 01:00:00,0.1697352014211422,1,12,1,6,0.0,0.0,0.0,0.0,0.1697352014211422,0.0,0.0
2025-01-12 02:00:00,0.1905114105843344,2,12,1,6,0.0,0.0,0.0,0.0,0.1905114105843344,0.0,0.0
2025-01-12 03:00:00,0.1071214838331994,3,12,1,6,0.0,0.0,0.0,0.0,0.1071214838331994,0.0,0.0
2025-01-12 04:00:00,0.1011806903749033,4,12,1,6,0.0,0.0,0.0,0.0,0.1011806903749033,0.0,0.0
2025-01-12 05:00:00,0.1343655740836289,5,12,1,6,0.0,0.0,0.0,0.0,0.1343655740836289,0.0,0.0
2025-01-12 06:00:00,0.3247199071975355,6,12,1,6,0.0,0.0,0.0,0.0,0.3247199071975355,0.0,0.0
2025-01-12 07:00:00,0.4423381644500707,7,12,1,6,0.375,0.375,0.0,0.0,0.06733816445007068,0.0,0.0
2025-01-12 08:00:00,0.4561408253578791,8,12,1,6,0.375,0.375,0.0,0.0,0.08114082535787909,0.0,0.0
2025-01-12 09:00:00,0.2982375490411441,9,12,1,6,0.375,0.2982375490411441,0.0,0.0,0.0,0.07676245095885592,0.0
2025-01-12 10:00:00,0.2302616490439666,10,12,1,6,1.0499999999999998,0.2302616490439666,0.0,0.0,0.0,0.8197383509560332,0.0
2025-01-12 11:00:00,0.315735612150936,11,12,1,6,1.0499999999999998,0.315735612150936,0.0,0.0,0.0,0.7342643878490638,0.0
2025-01-12 12:00:00,0.3190695373164656,12,12,1,6,1.0499999999999998,0.3190695373164656,0.0,0.0,0.0,0.7309304626835342,0.0
2025-01-12 13:00:00,0.3035633886300451,13,12,1,6,1.35,0.3035633886300451,0.0,0.0,0.0,1.046436611369955,0.0
2025-01-12 14:00:00,0.3858201846464864,14,12,1,6,1.35,0.3858201846464864,0.0,0.0,0.0,0.9641798153535137,0.0
2025-01-12 15:00:00,0.346762475776365,15,12,1,6,1.35,0.346762475776365,0.0,0.0,0.0,1.003237524223635,0.0
2025-01-12 16:00:00,0.3345419425126382,16,12,1,6,0.5249999999999999,0.3345419425126382,0.0,0.0,0.0,0.19045805748736172,0.0
2025-01-12 17:00:00,0.3543750076016795,17,12,1,6,0.5249999999999999,0.3543750076016795,0.0,0.0,0.0,0.1706249923983204,0.0
2025-01-12 18:00:00,0.6761998562154027,18,12,1,6,0.5249999999999999,0.5249999999999999,0.0,0.0,0.15119985621540277,0.0,0.0
2025-01-12 19:00:00,0.6570117700324163,19,12,1,6,0.0,0.0,0.0,0.0,0.6570117700324163,0.0,0.0
2025-01-12 20:00:00,0.6263208200880848,20,12,1,6,0.0,0.0,0.0,0.0,0.6263208200880848,0.0,0.0
2025-01-12 21:00:00,0.6579788951913964,21,12,1,6,0.0,0.0,0.0,0.0,0.6579788951913964,0.0,0.0
2025-01-12 22:00:00,0.5717791398053095,22,12,1,6,0.0,0.0,0.0,0.0,0.5717791398053095,0.0,0.0
2025-01-12 23:00:00,0.3961855744959108,23,12,1,6,0.0,0.0,0.0,0.0,0.3961855744959108,0.0,0.0
2025-01-13 00:00:00,0.2188276696086067,0,13,1,0,0.0,0.0,0.0,0.0,0.2188276696086067,0.0,0.0
2025-01-13 01:00:00,0.0829360192759741,1,13,1,0,0.0,0.0,0.0,0.0,0.0829360192759741,0.0,0.0
2025-01-13 02:00:00,0.2292834310164435,2,13,1,0,0.0,0.0,0.0,0.0,0.2292834310164435,0.0,0.0
2025-01-13 03:00:00,0.2040371291598306,3,13,1,0,0.0,0.0,0.0,0.0,0.2040371291598306,0.0,0.0
2025-01-13 04:00:00,0.1148716484735042,4,13,1,0,0.0,0.0,0.0,0.0,0.1148716484735042,0.0,0.0
2025-01-13 05:00:00,0.05,5,13,1,0,0.0,0.0,0.0,0.0,0.05,0.0,0.0
2025-01-13 06:00:00,0.3259083958661321,6,13,1,0,0.0,0.0,0.0,0.0,0.3259083958661321,0.0,0.0
2025-01-13 07:00:00,0.3131536830002358,7,13,1,0,0.375,0.3131536830002358,0.0,0.0,0.0,0.06184631699976417,0.0
2025-01-13 08:00:00,0.376695842726439,8,13,1,0,0.375,0.375,0.0,0.0,0.001695842726439023,0.0,0.0
2025-01-13 09:00:00,0.238867500674922,9,13,1,0,0.375,0.238867500674922,0.0,0.0,0.0,0.136132499325078,0.0
2025-01-13 10:00:00,0.211402656835805,10,13,1,0,1.0499999999999998,0.211402656835805,0.0,0.0,0.0,0.8385973431641949,0.0
2025-01-13 11:00:00,0.3221076727737151,11,13,1,0,1.0499999999999998,0.3221076727737151,0.0,0.0,0.0,0.7278923272262847,0.0
2025-01-13 12:00:00,0.2520423775580641,12,13,1,0,1.0499999999999998,0.2520423775580641,0.0,0.0,0.0,0.7979576224419358,0.0
2025-01-13 13:00:00,0.1694962012351057,13,13,1,0,1.35,0.1694962012351057,0.0,0.0,0.0,1.1805037987648943,0.0
2025-01-13 14:00:00,0.2494621752645728,14,13,1,0,1.35,0.2494621752645728,0.0,0.0,0.0,1.1005378247354274,0.0
2025-01-13 15:00:00,0.2860953719356514,15,13,1,0,1.35,0.2860953719356514,0.0,0.0,0.0,1.0639046280643487,0.0
2025-01-13 16:00:00,0.2517609156898369,16,13,1,0,0.5249999999999999,0.2517609156898369,0.0,0.0,0.0,0.273239084310163,0.0
2025-01-13 17:00:00,0.2842267176737625,17,13,1,0,0.5249999999999999,0.2842267176737625,0.0,0.0,0.0,0.2407732823262374,0.0
2025-01-13 18:00:00,0.5618054410893365,18,13,1,0,0.5249999999999999,0.5249999999999999,0.0,0.0,0.03680544108933659,0.0,0.0
2025-01-13 19:00:00,0.5067980433623254,19,13,1,0,0.0,0.0,0.0,0.0,0.5067980433623254,0.0,0.0
2025-01-13 20:00:00,0.5717596016172606,20,13,1,0,0.0,0.0,0.0,0.0,0.5717596016172606,0.0,0.0
2025-01-13 21:00:00,0.5732541180910785,21,13,1,0,0.0,0.0,0.0,0.0,0.5732541180910785,0.0,0.0
2025-01-13 22:00:00,0.5894285703537873,22,13,1,0,0.0,0.0,0.0,0.0,0.5894285703537873,0.0,0.0
2025-01-13 23:00:00,0.276812843449205,23,13,1,0,0.0,0.0,0.0,0.0,0.276812843449205,0.0,0.0
2025-01-14 00:00:00,0.0621697618851605,0,14,1,1,0.0,0.0,0.0,0.0,0.0621697618851605,0.0,0.0
2025-01-14 01:00:00,0.1483726551306874,1,14,1,1,0.0,0.0,0.0,0.0,0.1483726551306874,0.0,0.0
2025-01-14 02:00:00,0.1429850999838569,2,14,1,1,0.0,0.0,0.0,0.0,0.1429850999838569,0.0,0.0
2025-01-14 03:00:00,0.1911265738319603,3,14,1,1,0.0,0.0,0.0,0.0,0.1911265738319603,0.0,0.0
2025-01-14 04:00:00,0.2748141034275893,4,14,1,1,0.0,0.0,0.0,0.0,0.2748141034275893,0.0,0.0
2025-01-14 05:00:00,0.1696869123521001,5,14,1,1,0.0,0.0,0.0,0.0,0.1696869123521001,0.0,0.0
2025-01-14 06:00:00,0.4044304678821499,6,14,1,1,0.0,0.0,0.0,0.0,0.4044304678821499,0.0,0.0
2025-01-14 07:00:00,0.3094845544498369,7,14,1,1,0.375,0.3094845544498369,0.0,0.0,0.0,0.06551544555016309,0.0
2025-01-14 08:00:00,0.3631134865823581,8,14,1,1,0.375,0.3631134865823581,0.0,0.0,0.0,0.011886513417641908,0.0
2025-01-14 09:00:00,0.1554707360166685,9,14,1,1,0.375,0.1554707360166685,0.0,0.0,0.0,0.2195292639833315,0.0
2025-01-14 10:00:00,0.2859748212003893,10,14,1,1,1.0499999999999998,0.2859748212003893,0.0,0.0,0.0,0.7640251787996105,0.0
2025-01-14 11:00:00,0.216101214957543,11,14,1,1,1.0499999999999998,0.216101214957543,0.0,0.0,0.0,0.8338987850424568,0.0
2025-01-14 12:00:00,0.3302858584008169,12,14,1,1,1.0499999999999998,0.3302858584008169,0.0,0.0,0.0,0.7197141415991829,0.0
2025-01-14 13:00:00,0.2970844074155122,13,14,1,1,1.35,0.2970844074155122,0.0,0.0,0.0,1.052915592584488,0.0
2025-01-14 14:00:00,0.3631350421824167,14,14,1,1,1.35,0.3631350421824167,0.0,0.0,0.0,0.9868649578175834,0.0
2025-01-14 15:00:00,0.3225599256099278,15,14,1,1,1.35,0.3225599256099278,0.0,0.0,0.0,1.0274400743900722,0.0
2025-01-14 16:00:00,0.3379101621397162,16,14,1,1,0.5249999999999999,0.3379101621397162,0.0,0.0,0.0,0.18708983786028371,0.0
2025-01-14 17:00:00,0.2782298546437556,17,14,1,1,0.5249999999999999,0.2782298546437556,0.0,0.0,0.0,0.2467701453562443,0.0
2025-01-14 18:00:00,0.5457123929768554,18,14,1,1,0.5249999999999999,0.5249999999999999,0.0,0.0,0.020712392976855454,0.0,0.0
2025-01-14 19:00:00,0.5332912948718772,19,14,1,1,0.0,0.0,0.0,0.0,0.5332912948718772,0.0,0.0
2025-01-14 20:00:00,0.5439037505671677,20,14,1,1,0.0,0.0,0.0,0.0,0.5439037505671677,0.0,0.0
2025-01-14 21:00:00,0.6167648827669466,21,14,1,1,0.0,0.0,0.0,0.0,0.6167648827669466,0.0,0.0
2025-01-14 22:00:00,0.5960864659672834,22,14,1,1,0.0,0.0,0.0,0.0,0.5960864659672834,0.0,0.0
2025-01-14 23:00:00,0.2743003361718946,23,14,1,1,0.0,0.0,0.0,0.0,0.2743003361718946,0.0,0.0
2025-01-15 00:00:00,0.1677567245194497,0,15,1,2,0.0,0.0,0.0,0.0,0.1677567245194497,0.0,0.0
2025-01-15 01:00:00,0.1081329502647353,1,15,1,2,0.0,0.0,0.0,0.0,0.1081329502647353,0.0,0.0
2025-01-15 02:00:00,0.1298681176030442,2,15,1,2,0.0,0.0,0.0,0.0,0.1298681176030442,0.0,0.0
2025-01-15 03:00:00,0.1419477310578225,3,15,1,2,0.0,0.0,0.0,0.0,0.1419477310578225,0.0,0.0
2025-01-15 04:00:00,0.1564760684411815,4,15,1,2,0.0,0.0,0.0,0.0,0.1564760684411815,0.0,0.0
2025-01-15 05:00:00,0.2139149628706051,5,15,1,2,0.0,0.0,0.0,0.0,0.2139149628706051,0.0,0.0
2025-01-15 06:00:00,0.3519111703029368,6,15,1,2,0.0,0.0,0.0,0.0,0.3519111703029368,0.0,0.0
2025-01-15 07:00:00,0.3328593201655327,7,15,1,2,0.375,0.3328593201655327,0.0,0.0,0.0,0.04214067983446729,0.0
2025-01-15 08:00:00,0.3432000447060627,8,15,1,2,0.375,0.3432000447060627,0.0,0.0,0.0,0.03179995529393731,0.0
2025-01-15 09:00:00,0.2476379448467143,9,15,1,2,0.375,0.2476379448467143,0.0,0.0,0.0,0.1273620551532857,0.0
2025-01-15 10:00:00,0.2725493579232341,10,15,1,2,1.0499999999999998,0.2725493579232341,0.0,0.0,0.0,0.7774506420767657,0.0
2025-01-15 11:00:00,0.284008552150117,11,15,1,2,1.0499999999999998,0.284008552150117,0.0,0.0,0.0,0.7659914478498828,0.0
2025-01-15 12:00:00,0.2313664135204309,12,15,1,2,1.0499999999999998,0.2313664135204309,0.0,0.0,0.0,0.8186335864795689,0.0
2025-01-15 13:00:00,0.2999486342614457,13,15,1,2,1.35,0.2999486342614457,0.0,0.0,0.0,1.0500513657385544,0.0
2025-01-15 14:00:00,0.2372403326007499,14,15,1,2,1.35,0.2372403326007499,0.0,0.0,0.0,1.1127596673992501,0.0
2025-01-15 15:00:00,0.2619932832737383,15,15,1,2,1.35,0.2619932832737383,0.0,0.0,0.0,1.088006716726262,0.0
2025-01-15 16:00:00,0.2840886400653591,16,15,1,2,0.5249999999999999,0.2840886400653591,0.0,0.0,0.0,0.2409113599346408,0.0
2025-01-15 17:00:00,0.3420901113963092,17,15,1,2,0.5249999999999999,0.3420901113963092,0.0,0.0,0.0,0.18290988860369073,0.0
2025-01-15 18:00:00,0.5085635358556428,18,15,1,2,0.5249999999999999,0.5085635358556428,0.0,0.0,0.0,0.016436464144357066,0.0
2025-01-15 19:00:00,0.6283671126441223,19,15,1,2,0.0,0.0,0.0,0.0,0.6283671126441223,0.0,0.0
2025-01-15 20:00:00,0.5598422763393852,20,15,1,2,0.0,0.0,0.0,0.0,0.5598422763393852,0.0,0.0
2025-01-15 21:00:00,0.5206448134955624,21,15,1,2,0.0,0.0,0.0,0.0,0.5206448134955624,0.0,0.0
2025-01-15 22:00:00,0.4627852294758419,22,15,1,2,0.0,0.0,0.0,0.0,0.4627852294758419,0.0,0.0
2025-01-15 23:00:00,0.3172940661818646,23,15,1,2,0.0,0.0,0.0,0.0,0.3172940661818646,0.0,0.0
2025-01-16 00:00:00,0.1765940033034974,0,16,1,3,0.0,0.0,0.0,0.0,0.1765940033034974,0.0,0.0
2025-01-16 01:00:00,0.1529968026234143,1,16,1,3,0.0,0.0,0.0,0.0,0.1529968026234143,0.0,0.0
2025-01-16 02:00:00,0.1498350657937331,2,16,1,3,0.0,0.0,0.0,0.0,0.1498350657937331,0.0,0.0
2025-01-16 03:00:00,0.0613942724251654,3,16,1,3,0.0,0.0,0.0,0.0,0.0613942724251654,0.0,0.0
2025-01-16 04:00:00,0.1303006581258108,4,16,1,3,0.0,0.0,0.0,0.0,0.1303006581258108,0.0,0.0
2025-01-16 05:00:00,0.1391663751966654,5,16,1,3,0.0,0.0,0.0,0.0,0.1391663751966654,0.0,0.0
2025-01-16 06:00:00,0.3881951261221831,6,16,1,3,0.0,0.0,0.0,0.0,0.3881951261221831,0.0,0.0
2025-01-16 07:00:00,0.4520193354153182,7,16,1,3,0.375,0.375,0.0,0.0,0.07701933541531819,0.0,0.0
2025-01-16 08:00:00,0.2973312478520573,8,16,1,3,0.375,0.2973312478520573,0.0,0.0,0.0,0.07766875214794272,0.0
2025-01-16 09:00:00,0.2026840355186977,9,16,1,3,0.375,0.2026840355186977,0.0,0.0,0.0,0.1723159644813023,0.0
2025-01-16 10:00:00,0.2976494941576924,10,16,1,3,1.0499999999999998,0.2976494941576924,0.0,0.0,0.0,0.7523505058423074,0.0
2025-01-16 11:00:00,0.1942066789522314,11,16,1,3,1.0499999999999998,0.1942066789522314,0.0,0.0,0.0,0.8557933210477684,0.0
2025-01-16 12:00:00,0.2695807857544119,12,16,1,3,1.0499999999999998,0.2695807857544119,0.0,0.0,0.0,0.7804192142455879,0.0
2025-01-16 13:00:00,0.1411871356554939,13,16,1,3,1.35,0.1411871356554939,0.0,0.0,0.0,1.2088128643445062,0.0
2025-01-16 14:00:00,0.3538840825301486,14,16,1,3,1.35,0.3538840825301486,0.0,0.0,0.0,0.9961159174698515,0.0
2025-01-16 15:00:00,0.2524495360184086,15,16,1,3,1.35,0.2524495360184086,0.0,0.0,0.0,1.0975504639815914,0.0
2025-01-16 16:00:00,0.2585585115172027,16,16,1,3,0.5249999999999999,0.2585585115172027,0.0,0.0,0.0,0.2664414884827972,0.0
2025-01-16 17:00:00,0.2696067429220642,17,16,1,3,0.5249999999999999,0.2696067429220642,0.0,0.0,0.0,0.2553932570779357,0.0
2025-01-16 18:00:00,0.580935740392776,18,16,1,3,0.5249999999999999,0.5249999999999999,0.0,0.0,0.055935740392776045,0.0,0.0
2025-01-16 19:00:00,0.5758443500443289,19,16,1,3,0.0,0.0,0.0,0.0,0.5758443500443289,0.0,0.0
2025-01-16 20:00:00,0.5474356394234892,20,16,1,3,0.0,0.0,0.0,0.0,0.5474356394234892,0.0,0.0
2025-01-16 21:00:00,0.4689199437610059,21,16,1,3,0.0,0.0,0.0,0.0,0.4689199437610059,0.0,0.0
2025-01-16 22:00:00,0.5465050195331927,22,16,1,3,0.0,0.0,0.0,0.0,0.5465050195331927,0.0,0.0
2025-01-16 23:00:00,0.1587290111746058,23,16,1,3,0.0,0.0,0.0,0.0,0.1587290111746058,0.0,0.0
2025-01-17 00:00:00,0.0918664461536964,0,17,1,4,0.0,0.0,0.0,0.0,0.0918664461536964,0.0,0.0
2025-01-17 01:00:00,0.1261437648826092,1,17,1,4,0.0,0.0,0.0,0.0,0.1261437648826092,0.0,0.0
2025-01-17 02:00:00,0.1142364775402002,2,17,1,4,0.0,0.0,0.0,0.0,0.1142364775402002,0.0,0.0
2025-01-17 03:00:00,0.1458532518621042,3,17,1,4,0.0,0.0,0.0,0.0,0.1458532518621042,0.0,0.0
2025-01-17 04:00:00,0.1788226108234788,4,17,1,4,0.0,0.0,0.0,0.0,0.1788226108234788,0.0,0.0
2025-01-17 05:00:00,0.1816763207758215,5,17,1,4,0.0,0.0,0.0,0.0,0.1816763207758215,0.0,0.0
2025-01-17 06:00:00,0.3321058615358072,6,17,1,4,0.0,0.0,0.0,0.0,0.3321058615358072,0.0,0.0
2025-01-17 07:00:00,0.3047277682587611,7,17,1,4,0.375,0.3047277682587611,0.0,0.0,0.0,0.07027223174123892,0.0
2025-01-17 08:00:00,0.4266824419739468,8,17,1,4,0.375,0.375,0.0,0.0,0.05168244197394678,0.0,0.0
2025-01-17 09:00:00,0.2059714278685983,9,17,1,4,0.375,0.2059714278685983,0.0,0.0,0.0,0.1690285721314017,0.0
2025-01-17 10:00:00,0.180702882823128,10,17,1,4,1.0499999999999998,0.180702882823128,0.0,0.0,0.0,0.8692971171768719,0.0
2025-01-17 11:00:00,0.2018082156536689,11,17,1,4,1.0499999999999998,0.2018082156536689,0.0,0.0,0.0,0.8481917843463309,0.0
2025-01-17 12:00:00,0.2137205426236314,12,17,1,4,1.0499999999999998,0.2137205426236314,0.0,0.0,0.0,0.8362794573763684,0.0
2025-01-17 13:00:00,0.0749507152060698,13,17,1,4,1.35,0.0749507152060698,0.0,0.0,0.0,1.2750492847939303,0.0
2025-01-17 14:00:00,0.3125623003901401,14,17,1,4,1.35,0.3125623003901401,0.0,0.0,0.0,1.03743769960986,0.0
2025-01-17 15:00:00,0.318350427258423,15,17,1,4,1.35,0.318350427258423,0.0,0.0,0.0,1.031649572741577,0.0
2025-01-17 16:00:00,0.3022903399931255,16,17,1,4,0.5249999999999999,0.3022903399931255,0.0,0.0,0.0,0.22270966000687442,0.0
2025-01-17 17:00:00,0.3410930893799982,17,17,1,4,0.5249999999999999,0.3410930893799982,0.0,0.0,0.0,0.1839069106200017,0.0
2025-01-17 18:00:00,0.58712158510232,18,17,1,4,0.5249999999999999,0.5249999999999999,0.0,0.0,0.06212158510232013,0.0,0.0
2025-01-17 19:00:00,0.5132067983808682,19,17,1,4,0.0,0.0,0.0,0.0,0.5132067983808682,0.0,0.0
2025-01-17 20:00:00,0.5502851079108997,20,17,1,4,0.0,0.0,0.0,0.0,0.5502851079108997,0.0,0.0
2025-01-17 21:00:00,0.6149608085655053,21,17,1,4,0.0,0.0,0.0,0.0,0.6149608085655053,0.0,0.0
2025-01-17 22:00:00,0.5491078407464657,22,17,1,4,0.0,0.0,0.0,0.0,0.5491078407464657,0.0,0.0
2025-01-17 23:00:00,0.2428131607259981,23,17,1,4,0.0,0.0,0.0,0.0,0.2428131607259981,0.0,0.0
2025-01-18 00:00:00,0.1837106104886653,0,18,1,5,0.0,0.0,0.0,0.0,0.1837106104886653,0.0,0.0
2025-01-18 01:00:00,0.254369097288006,1,18,1,5,0.0,0.0,0.0,0.0,0.254369097288006,0.0,0.0
2025-01-18 02:00:00,0.1806935199514692,2,18,1,5,0.0,0.0,0.0,0.0,0.1806935199514692,0.0,0.0
2025-01-18 03:00:00,0.1342185563109787,3,18,1,5,0.0,0.0,0.0,0.0,0.1342185563109787,0.0,0.0
2025-01-18 04:00:00,0.1389877063208721,4,18,1,5,0.0,0.0,0.0,0.0,0.1389877063208721,0.0,0.0
2025-01-18 05:00:00,0.2267074707363235,5,18,1,5,0.0,0.0,0.0,0.0,0.2267074707363235,0.0,0.0
2025-01-18 06:00:00,0.3866871449440195,6,18,1,5,0.0,0.0,0.0,0.0,0.3866871449440195,0.0,0.0
2025-01-18 07:00:00,0.3560472515115241,7,18,1,5,0.375,0.3560472515115241,0.0,0.0,0.0,0.01895274848847589,0.0
2025-01-18 08:00:00,0.4710606254044734,8,18,1,5,0.375,0.375,0.0,0.0,0.09606062540447341,0.0,0.0
2025-01-18 09:00:00,0.3455720707615955,9,18,1,5,0.375,0.3455720707615955,0.0,0.0,0.0,0.029427929238404482,0.0
2025-01-18 10:00:00,0.2682816697977058,10,18,1,5,1.0499999999999998,0.2682816697977058,0.0,0.0,0.0,0.7817183302022941,0.0
2025-01-18 11:00:00,0.3510230307322286,11,18,1,5,1.0499999999999998,0.3510230307322286,0.0,0.0,0.0,0.6989769692677712,0.0
2025-01-18 12:00:00,0.2885854334033827,12,18,1,5,1.0499999999999998,0.2885854334033827,0.0,0.0,0.0,0.7614145665966171,0.0
2025-01-18 13:00:00,0.2533955254288,13,18,1,5,1.35,0.2533955254288,0.0,0.0,0.0,1.0966044745712,0.0
2025-01-18 14:00:00,0.3676747853294676,14,18,1,5,1.35,0.3676747853294676,0.0,0.0,0.0,0.9823252146705325,0.0
2025-01-18 15:00:00,0.2677246604925166,15,18,1,5,1.35,0.2677246604925166,0.0,0.0,0.0,1.0822753395074836,0.0
2025-01-18 16:00:00,0.4045901448946272,16,18,1,5,0.5249999999999999,0.4045901448946272,0.0,0.0,0.0,0.12040985510537272,0.0
2025-01-18 17:00:00,0.4148096305887662,17,18,1,5,0.5249999999999999,0.4148096305887662,0.0,0.0,0.0,0.11019036941123372,0.0
2025-01-18 18:00:00,0.6925971723728533,18,18,1,5,0.5249999999999999,0.5249999999999999,0.0,0.0,0.16759717237285343,0.0,0.0
2025-01-18 19:00:00,0.6279033238340146,19,18,1,5,0.0,0.0,0.0,0.0,0.6279033238340146,0.0,0.0
2025-01-18 20:00:00,0.5610450224177764,20,18,1,5,0.0,0.0,0.0,0.0,0.5610450224177764,0.0,0.0
2025-01-18 21:00:00,0.5780863055398868,21,18,1,5,0.0,0.0,0.0,0.0,0.5780863055398868,0.0,0.0
2025-01-18 22:00:00,0.7930954647647446,22,18,1,5,0.0,0.0,0.0,0.0,0.7930954647647446,0.0,0.0
2025-01-18 23:00:00,0.2664696076765903,23,18,1,5,0.0,0.0,0.0,0.0,0.2664696076765903,0.0,0.0
2025-01-19 00:00:00,0.2094023577089223,0,19,1,6,0.0,0.0,0.0,0.0,0.2094023577089223,0.0,0.0
2025-01-19 01:00:00,0.2212424789077063,1,19,1,6,0.0,0.0,0.0,0.0,0.2212424789077063,0.0,0.0
2025-01-19 02:00:00,0.195143289091809,2,19,1,6,0.0,0.0,0.0,0.0,0.195143289091809,0.0,0.0
2025-01-19 03:00:00,0.1776706157733373,3,19,1,6,0.0,0.0,0.0,0.0,0.1776706157733373,0.0,0.0
2025-01-19 04:00:00,0.2644972363619036,4,19,1,6,0.0,0.0,0.0,0.0,0.2644972363619036,0.0,0.0
2025-01-19 05:00:00,0.1544962243509117,5,19,1,6,0.0,0.0,0.0,0.0,0.1544962243509117,0.0,0.0
2025-01-19 06:00:00,0.3626699049691795,6,19,1,6,0.0,0.0,0.0,0.0,0.3626699049691795,0.0,0.0
2025-01-19 07:00:00,0.4046385175591841,7,19,1,6,0.375,0.375,0.0,0.0,0.02963851755918412,0.0,0.0
2025-01-19 08:00:00,0.4963961071918941,8,19,1,6,0.375,0.375,0.0,0.0,0.12139610719189409,0.0,0.0
2025-01-19 09:00:00,0.2719951853812063,9,19,1,6,0.375,0.2719951853812063,0.0,0.0,0.0,0.10300481461879368,0.0
2025-01-19 10:00:00,0.2215269380314891,10,19,1,6,1.0499999999999998,0.2215269380314891,0.0,0.0,0.0,0.8284730619685108,0.0
2025-01-19 11:00:00,0.1968799580602176,11,19,1,6,1.0499999999999998,0.1968799580602176,0.0,0.0,0.0,0.8531200419397822,0.0
2025-01-19 12:00:00,0.2992484494889373,12,19,1,6,1.0499999999999998,0.2992484494889373,0.0,0.0,0.0,0.7507515505110625,0.0
2025-01-19 13:00:00,0.2374115518142526,13,19,1,6,1.35,0.2374115518142526,0.0,0.0,0.0,1.1125884481857475,0.0
2025-01-19 14:00:00,0.3177599207849437,14,19,1,6,1.35,0.3177599207849437,0.0,0.0,0.0,1.0322400792150563,0.0
2025-01-19 15:00:00,0.3785527514377428,15,19,1,6,1.35,0.3785527514377428,0.0,0.0,0.0,0.9714472485622573,0.0
2025-01-19 16:00:00,0.3969780055825962,16,19,1,6,0.5249999999999999,0.3969780055825962,0.0,0.0,0.0,0.1280219944174037,0.0
2025-01-19 17:00:00,0.44007818922948,17,19,1,6,0.5249999999999999,0.44007818922948,0.0,0.0,0.0,0.08492181077051991,0.0
2025-01-19 18:00:00,0.5624789315297789,18,19,1,6,0.5249999999999999,0.5249999999999999,0.0,0.0,0.03747893152977899,0.0,0.0
2025-01-19 19:00:00,0.6646669831582375,19,19,1,6,0.0,0.0,0.0,0.0,0.6646669831582375,0.0,0.0
2025-01-19 20:00:00,0.6394389342049132,20,19,1,6,0.0,0.0,0.0,0.0,0.6394389342049132,0.0,0.0
2025-01-19 21:00:00,0.567296973390109,21,19,1,6,0.0,0.0,0.0,0.0,0.567296973390109,0.0,0.0
2025-01-19 22:00:00,0.6654580286877572,22,19,1,6,0.0,0.0,0.0,0.0,0.6654580286877572,0.0,0.0
2025-01-19 23:00:00,0.280932961264868,23,19,1,6,0.0,0.0,0.0,0.0,0.280932961264868,0.0,0.0
2025-01-20 00:00:00,0.2077886766099258,0,20,1,0,0.0,0.0,0.0,0.0,0.2077886766099258,0.0,0.0
2025-01-20 01:00:00,0.0714057963058955,1,20,1,0,0.0,0.0,0.0,0.0,0.0714057963058955,0.0,0.0
2025-01-20 02:00:00,0.1990079017767895,2,20,1,0,0.0,0.0,0.0,0.0,0.1990079017767895,0.0,0.0
2025-01-20 03:00:00,0.1283288077298487,3,20,1,0,0.0,0.0,0.0,0.0,0.1283288077298487,0.0,0.0
2025-01-20 04:00:00,0.0927283677765102,4,20,1,0,0.0,0.0,0.0,0.0,0.0927283677765102,0.0,0.0
2025-01-20 05:00:00,0.1215127092141223,5,20,1,0,0.0,0.0,0.0,0.0,0.1215127092141223,0.0,0.0
2025-01-20 06:00:00,0.3469876783391319,6,20,1,0,0.0,0.0,0.0,0.0,0.3469876783391319,0.0,0.0
2025-01-20 07:00:00,0.3527403497682079,7,20,1,0,0.375,0.3527403497682079,0.0,0.0,0.0,0.022259650231792105,0.0
2025-01-20 08:00:00,0.329363811121986,8,20,1,0,0.375,0.329363811121986,0.0,0.0,0.0,0.04563618887801402,0.0
2025-01-20 09:00:00,0.3020737069265171,9,20,1,0,0.375,0.3020737069265171,0.0,0.0,0.0,0.07292629307348292,0.0
2025-01-20 10:00:00,0.2452138124130035,10,20,1,0,1.0499999999999998,0.2452138124130035,0.0,0.0,0.0,0.8047861875869964,0.0
2025-01-20 11:00:00,0.2185681731081949,11,20,1,0,1.0499999999999998,0.2185681731081949,0.0,0.0,0.0,0.831431826891805,0.0
2025-01-20 12:00:00,0.3751936345789006,12,20,1,0,1.0499999999999998,0.3751936345789006,0.0,0.0,0.0,0.6748063654210992,0.0
2025-01-20 13:00:00,0.2177505801554203,13,20,1,0,1.35,0.2177505801554203,0.0,0.0,0.0,1.1322494198445798,0.0
2025-01-20 14:00:00,0.2098976663574964,14,20,1,0,1.35,0.2098976663574964,0.0,0.0,0.0,1.1401023336425036,0.0
2025-01-20 15:00:00,0.2287256573366094,15,20,1,0,1.35,0.2287256573366094,0.0,0.0,0.0,1.1212743426633907,0.0
2025-01-20 16:00:00,0.287079859762281,16,20,1,0,0.5249999999999999,0.287079859762281,0.0,0.0,0.0,0.2379201402377189,0.0
2025-01-20 17:00:00,0.2704023851836075,17,20,1,0,0.5249999999999999,0.2704023851836075,0.0,0.0,0.0,0.2545976148163924,0.0
2025-01-20 18:00:00,0.5078691007400509,18,20,1,0,0.5249999999999999,0.5078691007400509,0.0,0.0,0.0,0.01713089925994904,0.0
2025-01-20 19:00:00,0.5099343868044364,19,20,1,0,0.0,0.0,0.0,0.0,0.5099343868044364,0.0,0.0
2025-01-20 20:00:00,0.5455125786344237,20,20,1,0,0.0,0.0,0.0,0.0,0.5455125786344237,0.0,0.0
2025-01-20 21:00:00,0.5887463504958916,21,20,1,0,0.0,0.0,0.0,0.0,0.5887463504958916,0.0,0.0
2025-01-20 22:00:00,0.4628312266544797,22,20,1,0,0.0,0.0,0.0,0.0,0.4628312266544797,0.0,0.0
2025-01-20 23:00:00,0.256661296797336,23,20,1,0,0.0,0.0,0.0,0.0,0.256661296797336,0.0,0.0
2025-01-21 00:00:00,0.1886918049446592,0,21,1,1,0.0,0.0,0.0,0.0,0.1886918049446592,0.0,0.0
2025-01-21 01:00:00,0.1894865072991142,1,21,1,1,0.0,0.0,0.0,0.0,0.1894865072991142,0.0,0.0
2025-01-21 02:00:00,0.2686027665051277,2,21,1,1,0.0,0.0,0.0,0.0,0.2686027665051277,0.0,0.0
2025-01-21 03:00:00,0.0863130141639364,3,21,1,1,0.0,0.0,0.0,0.0,0.0863130141639364,0.0,0.0
2025-01-21 04:00:00,0.1684989796922021,4,21,1,1,0.0,0.0,0.0,0.0,0.1684989796922021,0.0,0.0
2025-01-21 05:00:00,0.188785239754698,5,21,1,1,0.0,0.0,0.0,0.0,0.188785239754698,0.0,0.0
2025-01-21 06:00:00,0.4170757983478776,6,21,1,1,0.0,0.0,0.0,0.0,0.4170757983478776,0.0,0.0
2025-01-21 07:00:00,0.3557053355959326,7,21,1,1,0.375,0.3557053355959326,0.0,0.0,0.0,0.019294664404067408,0.0
2025-01-21 08:00:00,0.387782973470858,8,21,1,1,0.375,0.375,0.0,0.0,0.012782973470857995,0.0,0.0
2025-01-21 09:00:00,0.1970744613366641,9,21,1,1,0.375,0.1970744613366641,0.0,0.0,0.0,0.1779255386633359,0.0
2025-01-21 10:00:00,0.2672114534218947,10,21,1,1,1.0499999999999998,0.2672114534218947,0.0,0.0,0.0,0.7827885465781051,0.0
2025-01-21 11:00:00,0.2690302610335315,11,21,1,1,1.0499999999999998,0.2690302610335315,0.0,0.0,0.0,0.7809697389664683,0.0
2025-01-21 12:00:00,0.2711427541419971,12,21,1,1,1.0499999999999998,0.2711427541419971,0.0,0.0,0.0,0.7788572458580028,0.0
2025-01-21 13:00:00,0.2257798962188647,13,21,1,1,1.35,0.2257798962188647,0.0,0.0,0.0,1.1242201037811355,0.0
2025-01-21 14:00:00,0.2768459470230671,14,21,1,1,1.35,0.2768459470230671,0.0,0.0,0.0,1.073154052976933,0.0
2025-01-21 15:00:00,0.2855066008169681,15,21,1,1,1.35,0.2855066008169681,0.0,0.0,0.0,1.064493399183032,0.0
2025-01-21 16:00:00,0.243581004802951,16,21,1,1,0.5249999999999999,0.243581004802951,0.0,0.0,0.0,0.28141899519704894,0.0
2025-01-21 17:00:00,0.3102580835829044,17,21,1,1,0.5249999999999999,0.3102580835829044,0.0,0.0,0.0,0.2147419164170955,0.0
2025-01-21 18:00:00,0.6196536612754449,18,21,1,1,0.5249999999999999,0.5249999999999999,0.0,0.0,0.09465366127544494,0.0,0.0
2025-01-21 19:00:00,0.6140930741811242,19,21,1,1,0.0,0.0,0.0,0.0,0.6140930741811242,0.0,0.0
2025-01-21 20:00:00,0.6057951446574543,20,21,1,1,0.0,0.0,0.0,0.0,0.6057951446574543,0.0,0.0
2025-01-21 21:00:00,0.6174239174759959,21,21,1,1,0.0,0.0,0.0,0.0,0.6174239174759959,0.0,0.0
2025-01-21 22:00:00,0.5781206180552221,22,21,1,1,0.0,0.0,0.0,0.0,0.5781206180552221,0.0,0.0
2025-01-21 23:00:00,0.2358763617594354,23,21,1,1,0.0,0.0,0.0,0.0,0.2358763617594354,0.0,0.0
2025-01-22 00:00:00,0.1769552365368916,0,22,1,2,0.0,0.0,0.0,0.0,0.1769552365368916,0.0,0.0
2025-01-22 01:00:00,0.1597972003012943,1,22,1,2,0.0,0.0,0.0,0.0,0.1597972003012943,0.0,0.0
2025-01-22 02:00:00,0.1789336412052776,2,22,1,2,0.0,0.0,0.0,0.0,0.1789336412052776,0.0,0.0
2025-01-22 03:00:00,0.1270558166199541,3,22,1,2,0.0,0.0,0.0,0.0,0.1270558166199541,0.0,0.0
2025-01-22 04:00:00,0.1532199489421693,4,22,1,2,0.0,0.0,0.0,0.0,0.1532199489421693,0.0,0.0
2025-01-22 05:00:00,0.1420653273019937,5,22,1,2,0.0,0.0,0.0,0.0,0.1420653273019937,0.0,0.0
2025-01-22 06:00:00,0.411606784122081,6,22,1,2,0.0,0.0,0.0,0.0,0.411606784122081,0.0,0.0
2025-01-22 07:00:00,0.3274733848505053,7,22,1,2,0.375,0.3274733848505053,0.0,0.0,0.0,0.04752661514949469,0.0
2025-01-22 08:00:00,0.3410286700635183,8,22,1,2,0.375,0.3410286700635183,0.0,0.0,0.0,0.03397132993648172,0.0
2025-01-22 09:00:00,0.3021486438381503,9,22,1,2,0.375,0.3021486438381503,0.0,0.0,0.0,0.07285135616184968,0.0
2025-01-22 10:00:00,0.208365599065214,10,22,1,2,1.0499999999999998,0.208365599065214,0.0,0.0,0.0,0.8416344009347858,0.0
2025-01-22 11:00:00,0.1433034476835534,11,22,1,2,1.0499999999999998,0.1433034476835534,0.0,0.0,0.0,0.9066965523164464,0.0
2025-01-22 12:00:00,0.2528530821895816,12,22,1,2,1.0499999999999998,0.2528530821895816,0.0,0.0,0.0,0.7971469178104182,0.0
2025-01-22 13:00:00,0.1503118473900531,13,22,1,2,1.35,0.1503118473900531,0.0,0.0,0.0,1.199688152609947,0.0
2025-01-22 14:00:00,0.3186237362974889,14,22,1,2,1.35,0.3186237362974889,0.0,0.0,0.0,1.0313762637025112,0.0
2025-01-22 15:00:00,0.2821387184339285,15,22,1,2,1.35,0.2821387184339285,0.0,0.0,0.0,1.0678612815660715,0.0
2025-01-22 16:00:00,0.3419565801187149,16,22,1,2,0.5249999999999999,0.3419565801187149,0.0,0.0,0.0,0.18304341988128503,0.0
2025-01-22 17:00:00,0.2778972272972513,17,22,1,2,0.5249999999999999,0.2778972272972513,0.0,0.0,0.0,0.2471027727027486,0.0
2025-01-22 18:00:00,0.5123184632058169,18,22,1,2,0.5249999999999999,0.5123184632058169,0.0,0.0,0.0,0.012681536794183046,0.0
2025-01-22 19:00:00,0.5449347082697705,19,22,1,2,0.0,0.0,0.0,0.0,0.5449347082697705,0.0,0.0
2025-01-22 20:00:00,0.4956029798155489,20,22,1,2,0.0,0.0,0.0,0.0,0.4956029798155489,0.0,0.0
2025-01-22 21:00:00,0.3901690592149942,21,22,1,2,0.0,0.0,0.0,0.0,0.3901690592149942,0.0,0.0
2025-01-22 22:00:00,0.5124588167892844,22,22,1,2,0.0,0.0,0.0,0.0,0.5124588167892844,0.0,0.0
2025-01-22 23:00:00,0.3076707870376426,23,22,1,2,0.0,0.0,0.0,0.0,0.3076707870376426,0.0,0.0
2025-01-23 00:00:00,0.1613148510606152,0,23,1,3,0.0,0.0,0.0,0.0,0.1613148510606152,0.0,0.0
2025-01-23 01:00:00,0.20891018617056,1,23,1,3,0.0,0.0,0.0,0.0,0.20891018617056,0.0,0.0
2025-01-23 02:00:00,0.1524469184732641,2,23,1,3,0.0,0.0,0.0,0.0,0.1524469184732641,0.0,0.0
2025-01-23 03:00:00,0.2038555030129655,3,23,1,3,0.0,0.0,0.0,0.0,0.2038555030129655,0.0,0.0
2025-01-23 04:00:00,0.1183315719578278,4,23,1,3,0.0,0.0,0.0,0.0,0.1183315719578278,0.0,0.0
2025-01-23 05:00:00,0.1124900039436042,5,23,1,3,0.0,0.0,0.0,0.0,0.1124900039436042,0.0,0.0
2025-01-23 06:00:00,0.4067621399479256,6,23,1,3,0.0,0.0,0.0,0.0,0.4067621399479256,0.0,0.0
2025-01-23 07:00:00,0.3498012839764845,7,23,1,3,0.375,0.3498012839764845,0.0,0.0,0.0,0.025198716023515477,0.0
2025-01-23 08:00:00,0.284155372024738,8,23,1,3,0.375,0.284155372024738,0.0,0.0,0.0,0.090844627975262,0.0
2025-01-23 09:00:00,0.2828542098857159,9,23,1,3,0.375,0.2828542098857159,0.0,0.0,0.0,0.09214579011428409,0.0
2025-01-23 10:00:00,0.239119801471682,10,23,1,3,1.0499999999999998,0.239119801471682,0.0,0.0,0.0,0.8108801985283178,0.0
2025-01-23 11:00:00,0.2995143922669346,11,23,1,3,1.0499999999999998,0.2995143922669346,0.0,0.0,0.0,0.7504856077330653,0.0
2025-01-23 12:00:00,0.2854359325980741,12,23,1,3,1.0499999999999998,0.2854359325980741,0.0,0.0,0.0,0.7645640674019257,0.0
2025-01-23 13:00:00,0.2195607547647172,13,23,1,3,1.35,0.2195607547647172,0.0,0.0,0.0,1.130439245235283,0.0
2025-01-23 14:00:00,0.3178598805287631,14,23,1,3,1.35,0.3178598805287631,0.0,0.0,0.0,1.032140119471237,0.0
2025-01-23 15:00:00,0.223423796419784,15,23,1,3,1.35,0.223423796419784,0.0,0.0,0.0,1.126576203580216,0.0
2025-01-23 16:00:00,0.2898748181417563,16,23,1,3,0.5249999999999999,0.2898748181417563,0.0,0.0,0.0,0.2351251818582436,0.0
2025-01-23 17:00:00,0.3839759024626558,17,23,1,3,0.5249999999999999,0.3839759024626558,0.0,0.0,0.0,0.14102409753734413,0.0
2025-01-23 18:00:00,0.5818228777746798,18,23,1,3,0.5249999999999999,0.5249999999999999,0.0,0.0,0.05682287777467987,0.0,0.0
2025-01-23 19:00:00,0.5000600667687489,19,23,1,3,0.0,0.0,0.0,0.0,0.5000600667687489,0.0,0.0
2025-01-23 20:00:00,0.497369302237354,20,23,1,3,0.0,0.0,0.0,0.0,0.497369302237354,0.0,0.0
2025-01-23 21:00:00,0.570601141889042,21,23,1,3,0.0,0.0,0.0,0.0,0.570601141889042,0.0,0.0
2025-01-23 22:00:00,0.6047806372799347,22,23,1,3,0.0,0.0,0.0,0.0,0.6047806372799347,0.0,0.0
2025-01-23 23:00:00,0.3083178038043291,23,23,1,3,0.0,0.0,0.0,0.0,0.3083178038043291,0.0,0.0
2025-01-24 00:00:00,0.156304011186454,0,24,1,4,0.0,0.0,0.0,0.0,0.156304011186454,0.0,0.0
2025-01-24 01:00:00,0.1409005219846924,1,24,1,4,0.0,0.0,0.0,0.0,0.1409005219846924,0.0,0.0
2025-01-24 02:00:00,0.2154739412945477,2,24,1,4,0.0,0.0,0.0,0.0,0.2154739412945477,0.0,0.0
2025-01-24 03:00:00,0.148992150001131,3,24,1,4,0.0,0.0,0.0,0.0,0.148992150001131,0.0,0.0
2025-01-24 04:00:00,0.1696877988236657,4,24,1,4,0.0,0.0,0.0,0.0,0.1696877988236657,0.0,0.0
2025-01-24 05:00:00,0.1261426876631781,5,24,1,4,0.0,0.0,0.0,0.0,0.1261426876631781,0.0,0.0
2025-01-24 06:00:00,0.3797781861071194,6,24,1,4,0.0,0.0,0.0,0.0,0.3797781861071194,0.0,0.0
2025-01-24 07:00:00,0.3490315039438336,7,24,1,4,0.375,0.3490315039438336,0.0,0.0,0.0,0.025968496056166412,0.0
2025-01-24 08:00:00,0.427868983825537,8,24,1,4,0.375,0.375,0.0,0.0,0.05286898382553701,0.0,0.0
2025-01-24 09:00:00,0.2619242228173592,9,24,1,4,0.375,0.2619242228173592,0.0,0.0,0.0,0.11307577718264078,0.0
2025-01-24 10:00:00,0.2588395884979841,10,24,1,4,1.0499999999999998,0.2588395884979841,0.0,0.0,0.0,0.7911604115020157,0.0
2025-01-24 11:00:00,0.1387710874420463,11,24,1,4,1.0499999999999998,0.1387710874420463,0.0,0.0,0.0,0.9112289125579536,0.0
2025-01-24 12:00:00,0.2420029022112592,12,24,1,4,1.0499999999999998,0.2420029022112592,0.0,0.0,0.0,0.8079970977887406,0.0
2025-01-24 13:00:00,0.1403193657275415,13,24,1,4,1.35,0.1403193657275415,0.0,0.0,0.0,1.2096806342724586,0.0
2025-01-24 14:00:00,0.3875944665429113,14,24,1,4,1.35,0.3875944665429113,0.0,0.0,0.0,0.9624055334570888,0.0
2025-01-24 15:00:00,0.3105181175554102,15,24,1,4,1.35,0.3105181175554102,0.0,0.0,0.0,1.03948188244459,0.0
2025-01-24 16:00:00,0.288499333395423,16,24,1,4,0.5249999999999999,0.288499333395423,0.0,0.0,0.0,0.23650066660457691,0.0
2025-01-24 17:00:00,0.2595234882059439,17,24,1,4,0.5249999999999999,0.2595234882059439,0.0,0.0,0.0,0.265476511794056,0.0
2025-01-24 18:00:00,0.5422406735177295,18,24,1,4,0.5249999999999999,0.5249999999999999,0.0,0.0,0.01724067351772962,0.0,0.0
2025-01-24 19:00:00,0.5688681578728978,19,24,1,4,0.0,0.0,0.0,0.0,0.5688681578728978,0.0,0.0
2025-01-24 20:00:00,0.5292317333785883,20,24,1,4,0.0,0.0,0.0,0.0,0.5292317333785883,0.0,0.0
2025-01-24 21:00:00,0.6164899557238972,21,24,1,4,0.0,0.0,0.0,0.0,0.6164899557238972,0.0,0.0
2025-01-24 22:00:00,0.5112725206908738,22,24,1,4,0.0,0.0,0.0,0.0,0.5112725206908738,0.0,0.0
2025-01-24 23:00:00,0.1930835701866816,23,24,1,4,0.0,0.0,0.0,0.0,0.1930835701866816,0.0,0.0
2025-01-25 00:00:00,0.2000349783290063,0,25,1,5,0.0,0.0,0.0,0.0,0.2000349783290063,0.0,0.0
2025-01-25 01:00:00,0.2826921592828613,1,25,1,5,0.0,0.0,0.0,0.0,0.2826921592828613,0.0,0.0
2025-01-25 02:00:00,0.1546591170814198,2,25,1,5,0.0,0.0,0.0,0.0,0.1546591170814198,0.0,0.0
2025-01-25 03:00:00,0.2048320613931825,3,25,1,5,0.0,0.0,0.0,0.0,0.2048320613931825,0.0,0.0
2025-01-25 04:00:00,0.1411942281967584,4,25,1,5,0.0,0.0,0.0,0.0,0.1411942281967584,0.0,0.0
2025-01-25 05:00:00,0.2450364402326676,5,25,1,5,0.0,0.0,0.0,0.0,0.2450364402326676,0.0,0.0
2025-01-25 06:00:00,0.3683273090661211,6,25,1,5,0.0,0.0,0.0,0.0,0.3683273090661211,0.0,0.0
2025-01-25 07:00:00,0.3879140711072448,7,25,1,5,0.375,0.375,0.0,0.0,0.012914071107244796,0.0,0.0
2025-01-25 08:00:00,0.4027256608164977,8,25,1,5,0.375,0.375,0.0,0.0,0.027725660816497688,0.0,0.0
2025-01-25 09:00:00,0.2044048743826219,9,25,1,5,0.375,0.2044048743826219,0.0,0.0,0.0,0.1705951256173781,0.0
2025-01-25 10:00:00,0.2529979264960408,10,25,1,5,1.0499999999999998,0.2529979264960408,0.0,0.0,0.0,0.797002073503959,0.0
2025-01-25 11:00:00,0.2917039428451656,11,25,1,5,1.0499999999999998,0.2917039428451656,0.0,0.0,0.0,0.7582960571548343,0.0
2025-01-25 12:00:00,0.3047114730777697,12,25,1,5,1.0499999999999998,0.3047114730777697,0.0,0.0,0.0,0.7452885269222301,0.0
2025-01-25 13:00:00,0.2793099288807384,13,25,1,5,1.35,0.2793099288807384,0.0,0.0,0.0,1.0706900711192617,0.0
2025-01-25 14:00:00,0.358633119040133,14,25,1,5,1.35,0.358633119040133,0.0,0.0,0.0,0.991366880959867,0.0
2025-01-25 15:00:00,0.3296606882213315,15,25,1,5,1.35,0.3296606882213315,0.0,0.0,0.0,1.0203393117786685,0.0
2025-01-25 16:00:00,0.4573048146123978,16,25,1,5,0.5249999999999999,0.4573048146123978,0.0,0.0,0.0,0.06769518538760211,0.0
2025-01-25 17:00:00,0.3477706712020856,17,25,1,5,0.5249999999999999,0.3477706712020856,0.0,0.0,0.0,0.1772293287979143,0.0
2025-01-25 18:00:00,0.5962245740654017,18,25,1,5,0.5249999999999999,0.5249999999999999,0.0,0.0,0.07122457406540184,0.0,0.0
2025-01-25 19:00:00,0.5948086868547684,19,25,1,5,0.0,0.0,0.0,0.0,0.5948086868547684,0.0,0.0
2025-01-25 20:00:00,0.5761262276121448,20,25,1,5,0.0,0.0,0.0,0.0,0.5761262276121448,0.0,0.0
2025-01-25 21:00:00,0.6737389417649607,21,25,1,5,0.0,0.0,0.0,0.0,0.6737389417649607,0.0,0.0
2025-01-25 22:00:00,0.6130827050612764,22,25,1,5,0.0,0.0,0.0,0.0,0.6130827050612764,0.0,0.0
2025-01-25 23:00:00,0.2486611524324841,23,25,1,5,0.0,0.0,0.0,0.0,0.2486611524324841,0.0,0.0
2025-01-26 00:00:00,0.1893507108477413,0,26,1,6,0.0,0.0,0.0,0.0,0.1893507108477413,0.0,0.0
2025-01-26 01:00:00,0.2158478785217958,1,26,1,6,0.0,0.0,0.0,0.0,0.2158478785217958,0.0,0.0
2025-01-26 02:00:00,0.1888961114682741,2,26,1,6,0.0,0.0,0.0,0.0,0.1888961114682741,0.0,0.0
2025-01-26 03:00:00,0.0634622213331324,3,26,1,6,0.0,0.0,0.0,0.0,0.0634622213331324,0.0,0.0
2025-01-26 04:00:00,0.1667330117073892,4,26,1,6,0.0,0.0,0.0,0.0,0.1667330117073892,0.0,0.0
2025-01-26 05:00:00,0.0864479503281924,5,26,1,6,0.0,0.0,0.0,0.0,0.0864479503281924,0.0,0.0
2025-01-26 06:00:00,0.4194912939605931,6,26,1,6,0.0,0.0,0.0,0.0,0.4194912939605931,0.0,0.0
2025-01-26 07:00:00,0.542329585695311,7,26,1,6,0.375,0.375,0.0,0.0,0.16732958569531098,0.0,0.0
2025-01-26 08:00:00,0.376235332175212,8,26,1,6,0.375,0.375,0.0,0.0,0.0012353321752119895,0.0,0.0
2025-01-26 09:00:00,0.3909891220664279,9,26,1,6,0.375,0.375,0.0,0.0,0.015989122066427885,0.0,0.0
2025-01-26 10:00:00,0.238565496530454,10,26,1,6,1.0499999999999998,0.238565496530454,0.0,0.0,0.0,0.8114345034695458,0.0
2025-01-26 11:00:00,0.3960014207043516,11,26,1,6,1.0499999999999998,0.3960014207043516,0.0,0.0,0.0,0.6539985792956482,0.0
2025-01-26 12:00:00,0.2832915477392939,12,26,1,6,1.0499999999999998,0.2832915477392939,0.0,0.0,0.0,0.7667084522607059,0.0
2025-01-26 13:00:00,0.3574196054828513,13,26,1,6,1.35,0.3574196054828513,0.0,0.0,0.0,0.9925803945171487,0.0
2025-01-26 14:00:00,0.3105242224257074,14,26,1,6,1.35,0.3105242224257074,0.0,0.0,0.0,1.0394757775742927,0.0
2025-01-26 15:00:00,0.3252437102548253,15,26,1,6,1.35,0.3252437102548253,0.0,0.0,0.0,1.0247562897451747,0.0
2025-01-26 16:00:00,0.4131423743053065,16,26,1,6,0.5249999999999999,0.4131423743053065,0.0,0.0,0.0,0.11185762569469343,0.0
2025-01-26 17:00:00,0.2096896221268653,17,26,1,6,0.5249999999999999,0.2096896221268653,0.0,0.0,0.0,0.31531037787313465,0.0
2025-01-26 18:00:00,0.6592152087187513,18,26,1,6,0.5249999999999999,0.5249999999999999,0.0,0.0,0.13421520871875137,0.0,0.0
2025-01-26 19:00:00,0.5700008389593619,19,26,1,6,0.0,0.0,0.0,0.0,0.5700008389593619,0.0,0.0
2025-01-26 20:00:00,0.6250121304539706,20,26,1,6,0.0,0.0,0.0,0.0,0.6250121304539706,0.0,0.0
2025-01-26 21:00:00,0.6529306610260706,21,26,1,6,0.0,0.0,0.0,0.0,0.6529306610260706,0.0,0.0
2025-01-26 22:00:00,0.6335393101628481,22,26,1,6,0.0,0.0,0.0,0.0,0.6335393101628481,0.0,0.0
2025-01-26 23:00:00,0.2300779954740435,23,26,1,6,0.0,0.0,0.0,0.0,0.2300779954740435,0.0,0.0
2025-01-27 00:00:00,0.1220254952580567,0,27,1,0,0.0,0.0,0.0,0.0,0.1220254952580567,0.0,0.0
2025-01-27 01:00:00,0.1792124542169902,1,27,1,0,0.0,0.0,0.0,0.0,0.1792124542169902,0.0,0.0
2025-01-27 02:00:00,0.0671835440251567,2,27,1,0,0.0,0.0,0.0,0.0,0.0671835440251567,0.0,0.0
2025-01-27 03:00:00,0.1061891222893334,3,27,1,0,0.0,0.0,0.0,0.0,0.1061891222893334,0.0,0.0
2025-01-27 04:00:00,0.0819439778564686,4,27,1,0,0.0,0.0,0.0,0.0,0.0819439778564686,0.0,0.0
2025-01-27 05:00:00,0.1178305598315236,5,27,1,0,0.0,0.0,0.0,0.0,0.1178305598315236,0.0,0.0
2025-01-27 06:00:00,0.43985407476971,6,27,1,0,0.0,0.0,0.0,0.0,0.43985407476971,0.0,0.0
2025-01-27 07:00:00,0.3624367693854854,7,27,1,0,0.375,0.3624367693854854,0.0,0.0,0.0,0.012563230614514587,0.0
2025-01-27 08:00:00,0.3816752190977598,8,27,1,0,0.375,0.375,0.0,0.0,0.00667521909775981,0.0,0.0
2025-01-27 09:00:00,0.2118202969455964,9,27,1,0,0.375,0.2118202969455964,0.0,0.0,0.0,0.1631797030544036,0.0
2025-01-27 10:00:00,0.2580615674402269,10,27,1,0,1.0499999999999998,0.2580615674402269,0.0,0.0,0.0,0.7919384325597729,0.0
2025-01-27 11:00:00,0.3006072098986193,11,27,1,0,1.0499999999999998,0.3006072098986193,0.0,0.0,0.0,0.7493927901013806,0.0
2025-01-27 12:00:00,0.2251812400928055,12,27,1,0,1.0499999999999998,0.2251812400928055,0.0,0.0,0.0,0.8248187599071943,0.0
2025-01-27 13:00:00,0.2132940110815063,13,27,1,0,1.35,0.2132940110815063,0.0,0.0,0.0,1.1367059889184938,0.0
2025-01-27 14:00:00,0.3078393244328566,14,27,1,0,1.35,0.3078393244328566,0.0,0.0,0.0,1.0421606755671435,0.0
2025-01-27 15:00:00,0.2822098792855985,15,27,1,0,1.35,0.2822098792855985,0.0,0.0,0.0,1.0677901207144016,0.0
2025-01-27 16:00:00,0.3308972697960758,16,27,1,0,0.5249999999999999,0.3308972697960758,0.0,0.0,0.0,0.1941027302039241,0.0
2025-01-27 17:00:00,0.3020454719657157,17,27,1,0,0.5249999999999999,0.3020454719657157,0.0,0.0,0.0,0.22295452803428423,0.0
2025-01-27 18:00:00,0.5764944146622255,18,27,1,0,0.5249999999999999,0.5249999999999999,0.0,0.0,0.051494414662225596,0.0,0.0
2025-01-27 19:00:00,0.5687421696766487,19,27,1,0,0.0,0.0,0.0,0.0,0.5687421696766487,0.0,0.0
2025-01-27 20:00:00,0.54146365073876,20,27,1,0,0.0,0.0,0.0,0.0,0.54146365073876,0.0,0.0
2025-01-27 21:00:00,0.4902577163481166,21,27,1,0,0.0,0.0,0.0,0.0,0.4902577163481166,0.0,0.0
2025-01-27 22:00:00,0.5690437805463981,22,27,1,0,0.0,0.0,0.0,0.0,0.5690437805463981,0.0,0.0
2025-01-27 23:00:00,0.2903064536589921,23,27,1,0,0.0,0.0,0.0,0.0,0.2903064536589921,0.0,0.0
2025-01-28 00:00:00,0.1726678993084743,0,28,1,1,0.0,0.0,0.0,0.0,0.1726678993084743,0.0,0.0
2025-01-28 01:00:00,0.1747304477856048,1,28,1,1,0.0,0.0,0.0,0.0,0.1747304477856048,0.0,0.0
2025-01-28 02:00:00,0.2367770902360579,2,28,1,1,0.0,0.0,0.0,0.0,0.2367770902360579,0.0,0.0
2025-01-28 03:00:00,0.1733079056072678,3,28,1,1,0.0,0.0,0.0,0.0,0.1733079056072678,0.0,0.0
2025-01-28 04:00:00,0.1099130613001849,4,28,1,1,0.0,0.0,0.0,0.0,0.1099130613001849,0.0,0.0
2025-01-28 05:00:00,0.2173905842886824,5,28,1,1,0.0,0.0,0.0,0.0,0.2173905842886824,0.0,0.0
2025-01-28 06:00:00,0.3025057665838321,6,28,1,1,0.0,0.0,0.0,0.0,0.3025057665838321,0.0,0.0
2025-01-28 07:00:00,0.3686098467775215,7,28,1,1,0.375,0.3686098467775215,0.0,0.0,0.0,0.00639015322247849,0.0
2025-01-28 08:00:00,0.3642095375062743,8,28,1,1,0.375,0.3642095375062743,0.0,0.0,0.0,0.010790462493725728,0.0
2025-01-28 09:00:00,0.2109635161226516,9,28,1,1,0.375,0.2109635161226516,0.0,0.0,0.0,0.1640364838773484,0.0
2025-01-28 10:00:00,0.2804793388445538,10,28,1,1,1.0499999999999998,0.2804793388445538,0.0,0.0,0.0,0.769520661155446,0.0
2025-01-28 11:00:00,0.2138276373282586,11,28,1,1,1.0499999999999998,0.2138276373282586,0.0,0.0,0.0,0.8361723626717412,0.0
2025-01-28 12:00:00,0.2697239354807381,12,28,1,1,1.0499999999999998,0.2697239354807381,0.0,0.0,0.0,0.7802760645192617,0.0
2025-01-28 13:00:00,0.2460971552571596,13,28,1,1,1.35,0.2460971552571596,0.0,0.0,0.0,1.1039028447428405,0.0
2025-01-28 14:00:00,0.2643594218064327,14,28,1,1,1.35,0.2643594218064327,0.0,0.0,0.0,1.0856405781935674,0.0
2025-01-28 15:00:00,0.3825846820395909,15,28,1,1,1.35,0.3825846820395909,0.0,0.0,0.0,0.9674153179604092,0.0
2025-01-28 16:00:00,0.3295623864073579,16,28,1,1,0.5249999999999999,0.3295623864073579,0.0,0.0,0.0,0.195437613592642,0.0
2025-01-28 17:00:00,0.1688531450194473,17,28,1,1,0.5249999999999999,0.1688531450194473,0.0,0.0,0.0,0.35614685498055265,0.0
2025-01-28 18:00:00,0.5460494782003834,18,28,1,1,0.5249999999999999,0.5249999999999999,0.0,0.0,0.021049478200383498,0.0,0.0
2025-01-28 19:00:00,0.5891202504233137,19,28,1,1,0.0,0.0,0.0,0.0,0.5891202504233137,0.0,0.0
2025-01-28 20:00:00,0.5352550575472338,20,28,1,1,0.0,0.0,0.0,0.0,0.5352550575472338,0.0,0.0
2025-01-28 21:00:00,0.5522591987122708,21,28,1,1,0.0,0.0,0.0,0.0,0.5522591987122708,0.0,0.0
2025-01-28 22:00:00,0.5347530945534086,22,28,1,1,0.0,0.0,0.0,0.0,0.5347530945534086,0.0,0.0
2025-01-28 23:00:00,0.2136535853774402,23,28,1,1,0.0,0.0,0.0,0.0,0.2136535853774402,0.0,0.0
2025-01-29 00:00:00,0.1792887857276679,0,29,1,2,0.0,0.0,0.0,0.0,0.1792887857276679,0.0,0.0
2025-01-29 01:00:00,0.1275592889952216,1,29,1,2,0.0,0.0,0.0,0.0,0.1275592889952216,0.0,0.0
2025-01-29 02:00:00,0.2284735323694417,2,29,1,2,0.0,0.0,0.0,0.0,0.2284735323694417,0.0,0.0
2025-01-29 03:00:00,0.078666071792463,3,29,1,2,0.0,0.0,0.0,0.0,0.078666071792463,0.0,0.0
2025-01-29 04:00:00,0.122936803047463,4,29,1,2,0.0,0.0,0.0,0.0,0.122936803047463,0.0,0.0
2025-01-29 05:00:00,0.051289335480403,5,29,1,2,0.0,0.0,0.0,0.0,0.051289335480403,0.0,0.0
2025-01-29 06:00:00,0.3955333621363223,6,29,1,2,0.0,0.0,0.0,0.0,0.3955333621363223,0.0,0.0
2025-01-29 07:00:00,0.3034672628218154,7,29,1,2,0.375,0.3034672628218154,0.0,0.0,0.0,0.07153273717818459,0.0
2025-01-29 08:00:00,0.3549508092470513,8,29,1,2,0.375,0.3549508092470513,0.0,0.0,0.0,0.020049190752948698,0.0
2025-01-29 09:00:00,0.3027589220572128,9,29,1,2,0.375,0.3027589220572128,0.0,0.0,0.0,0.07224107794278722,0.0
2025-01-29 10:00:00,0.2569949921609273,10,29,1,2,1.0499999999999998,0.2569949921609273,0.0,0.0,0.0,0.7930050078390725,0.0
2025-01-29 11:00:00,0.1934095044262975,11,29,1,2,1.0499999999999998,0.1934095044262975,0.0,0.0,0.0,0.8565904955737023,0.0
2025-01-29 12:00:00,0.2412923243026397,12,29,1,2,1.0499999999999998,0.2412923243026397,0.0,0.0,0.0,0.8087076756973601,0.0
2025-01-29 13:00:00,0.2846357633864195,13,29,1,2,1.35,0.2846357633864195,0.0,0.0,0.0,1.0653642366135805,0.0
2025-01-29 14:00:00,0.3235537520073726,14,29,1,2,1.35,0.3235537520073726,0.0,0.0,0.0,1.0264462479926275,0.0
2025-01-29 15:00:00,0.2669622097627272,15,29,1,2,1.35,0.2669622097627272,0.0,0.0,0.0,1.083037790237273,0.0
2025-01-29 16:00:00,0.3304462918386815,16,29,1,2,0.5249999999999999,0.3304462918386815,0.0,0.0,0.0,0.1945537081613184,0.0
2025-01-29 17:00:00,0.3468030918790102,17,29,1,2,0.5249999999999999,0.3468030918790102,0.0,0.0,0.0,0.1781969081209897,0.0
2025-01-29 18:00:00,0.497311419473993,18,29,1,2,0.5249999999999999,0.497311419473993,0.0,0.0,0.0,0.027688580526006923,0.0
2025-01-29 19:00:00,0.5374867765883061,19,29,1,2,0.0,0.0,0.0,0.0,0.5374867765883061,0.0,0.0
2025-01-29 20:00:00,0.6024399998636608,20,29,1,2,0.0,0.0,0.0,0.0,0.6024399998636608,0.0,0.0
2025-01-29 21:00:00,0.4804022149638697,21,29,1,2,0.0,0.0,0.0,0.0,0.4804022149638697,0.0,0.0
2025-01-29 22:00:00,0.4968547554663273,22,29,1,2,0.0,0.0,0.0,0.0,0.4968547554663273,0.0,0.0
2025-01-29 23:00:00,0.2443170783995888,23,29,1,2,0.0,0.0,0.0,0.0,0.2443170783995888,0.0,0.0
2025-01-30 00:00:00,0.1542394134965015,0,30,1,3,0.0,0.0,0.0,0.0,0.1542394134965015,0.0,0.0
2025-01-30 01:00:00,0.0887130480803754,1,30,1,3,0.0,0.0,0.0,0.0,0.0887130480803754,0.0,0.0
2025-01-30 02:00:00,0.142621059462791,2,30,1,3,0.0,0.0,0.0,0.0,0.142621059462791,0.0,0.0
2025-01-30 03:00:00,0.1624034005997712,3,30,1,3,0.0,0.0,0.0,0.0,0.1624034005997712,0.0,0.0
2025-01-30 04:00:00,0.1443681652690249,4,30,1,3,0.0,0.0,0.0,0.0,0.1443681652690249,0.0,0.0
2025-01-30 05:00:00,0.1396997231237728,5,30,1,3,0.0,0.0,0.0,0.0,0.1396997231237728,0.0,0.0
2025-01-30 06:00:00,0.3645330636741163,6,30,1,3,0.0,0.0,0.0,0.0,0.3645330636741163,0.0,0.0
2025-01-30 07:00:00,0.3146778760082871,7,30,1,3,0.375,0.3146778760082871,0.0,0.0,0.0,0.060322123991712884,0.0
2025-01-30 08:00:00,0.2888029555768048,8,30,1,3,0.375,0.2888029555768048,0.0,0.0,0.0,0.0861970444231952,0.0
2025-01-30 09:00:00,0.2773425436739459,9,30,1,3,0.375,0.2773425436739459,0.0,0.0,0.0,0.0976574563260541,0.0
2025-01-30 10:00:00,0.23390863386878,10,30,1,3,1.0499999999999998,0.23390863386878,0.0,0.0,0.0,0.8160913661312198,0.0
2025-01-30 11:00:00,0.2337637550966073,11,30,1,3,1.0499999999999998,0.2337637550966073,0.0,0.0,0.0,0.8162362449033925,0.0
2025-01-30 12:00:00,0.2770064609794505,12,30,1,3,1.0499999999999998,0.2770064609794505,0.0,0.0,0.0,0.7729935390205493,0.0
2025-01-30 13:00:00,0.2264399904772389,13,30,1,3,1.35,0.2264399904772389,0.0,0.0,0.0,1.1235600095227611,0.0
2025-01-30 14:00:00,0.2733828200620722,14,30,1,3,1.35,0.2733828200620722,0.0,0.0,0.0,1.0766171799379278,0.0
2025-01-30 15:00:00,0.2968793150714852,15,30,1,3,1.35,0.2968793150714852,0.0,0.0,0.0,1.0531206849285148,0.0
2025-01-30 16:00:00,0.2639233267412101,16,30,1,3,0.5249999999999999,0.2639233267412101,0.0,0.0,0.0,0.2610766732587898,0.0
2025-01-30 17:00:00,0.2336624791670469,17,30,1,3,0.5249999999999999,0.2336624791670469,0.0,0.0,0.0,0.291337520832953,0.0
2025-01-30 18:00:00,0.4707937557395222,18,30,1,3,0.5249999999999999,0.4707937557395222,0.0,0.0,0.0,0.05420624426047771,0.0
2025-01-30 19:00:00,0.4798304470148685,19,30,1,3,0.0,0.0,0.0,0.0,0.4798304470148685,0.0,0.0
2025-01-30 20:00:00,0.5214792067803532,20,30,1,3,0.0,0.0,0.0,0.0,0.5214792067803532,0.0,0.0
2025-01-30 21:00:00,0.4329623878281036,21,30,1,3,0.0,0.0,0.0,0.0,0.4329623878281036,0.0,0.0
2025-01-30 22:00:00,0.5814442616778525,22,30,1,3,0.0,0.0,0.0,0.0,0.5814442616778525,0.0,0.0
2025-01-30 23:00:00,0.2401856388506263,23,30,1,3,0.0,0.0,0.0,0.0,0.2401856388506263,0.0,0.0
